ID,Name,Link,Scrape_status,Guest_num,Bed_num,Bath_num,Location,Utility_num,Rating_title,Rating_num,Rating_star,Host_name,Host_title,Host_rating_star,Host_rating_num,Host_exp,Host_link,This_month_booked_rate,Last_1_month_booked_rate,Last_3_month_booked_rate,Next_1_month_booked_rate,Next_3_month_booked_rate
1,(401TTD) Studio nhỏ gọn với tầm nhìn đẹp,https://www.airbnb.com.vn/rooms/1386690223982968237?adults=2&search_mode=regular_search&check_in=2025-07-11&check_out=2025-07-13&children=0&infants=0&pets=0&source_impression_id=p3_1748684506_P3ogHpIjV0DvwaJs&previous_page_section_name=1000&federated_search_id=3164d8a3-65ec-4eaa-adec-f63bc4010e51,Success,2,1,1,"10.7718905,106.7027337",23,Được khách yêu thích,9,5,Squirrel Village,Chủ nhà siêu cấp,4.93,438,2 nam,https://www.airbnb.com.vn/users/show/519213743,100,,,93.33333333,76.08695652
2,Đặc biệt Taibo House,https://www.airbnb.com.vn/rooms/1084113685930944761?adults=2&search_mode=regular_search&category_tag=Tag%3A8678&check_in=2025-11-14&check_out=2025-11-16&children=0&infants=0&pets=0&photo_id=1834736341&source_impression_id=p3_1748684506_P3eFEBYBIslnk_q0&previous_page_section_name=1000&federated_search_id=3164d8a3-65ec-4eaa-adec-f63bc4010e51,Success,,1,,"10.77153,106.69527",12,Được khách yêu thích,67,4.79,Tài,,4.68,254,1 nam,https://www.airbnb.com.vn/users/show/544961443,100,,,80,93.47826087
3,Khu nghỉ dưỡng đô thị: Studio 2B hiện đại của Circadian,https://www.airbnb.com.vn/rooms/1251142503917779619?adults=2&search_mode=regular_search&check_in=2025-06-27&check_out=2025-06-29&children=0&infants=0&pets=0&source_impression_id=p3_1748684506_P3EaWH0NrdMa-oI4&previous_page_section_name=1000&federated_search_id=3164d8a3-65ec-4eaa-adec-f63bc4010e51,Success,2,1,1,"10.7907382,106.7001806",52,Được khách yêu thích,26,5,Circadian,Chủ nhà siêu cấp,4.88,7930,8 nam,https://www.airbnb.com.vn/users/show/122829979,100,,,63.33333333,29.34782609
4,Căn hộ dịch vụ ngay quận 1,https://www.airbnb.com.vn/rooms/1364503055472486650?adults=2&search_mode=regular_search&category_tag=Tag%3A8678&check_in=2025-07-25&check_out=2025-07-27&children=0&infants=0&pets=0&photo_id=2096378164&source_impression_id=p3_1748684506_P3r88AHzhusxLAcH&previous_page_section_name=1000&federated_search_id=3164d8a3-65ec-4eaa-adec-f63bc4010e51,Success,,1,,"10.7914,106.6962",41,,21,4.81,Hana,,4.71,48,3 thang,https://www.airbnb.com.vn/users/show/666975492,100,,,66.66666667,45.65217391
5,Studio hoàn toàn mới - có thể đi bộ đến chợ Bến Thành,https://www.airbnb.com.vn/rooms/997507441435020883?adults=2&search_mode=regular_search&check_in=2025-06-20&check_out=2025-06-22&children=0&infants=0&pets=0&source_impression_id=p3_1748684506_P3F0p-ITrViWH1Cr&previous_page_section_name=1000&federated_search_id=3164d8a3-65ec-4eaa-adec-f63bc4010e51,Success,2,2,1,"10.7725,106.68931",34,,126,4.72,Ben,Chủ nhà siêu cấp,4.62,10000,14 nam,https://www.airbnb.com.vn/users/show/1443279,100,,,70,53.26086957
6,Studio ấm cúng_đường Lê Thánh Tôn_ Trung tâm D1_R202,https://www.airbnb.com.vn/rooms/917970165485722979?adults=2&search_mode=regular_search&check_in=2025-06-20&check_out=2025-06-22&children=0&infants=0&pets=0&source_impression_id=p3_1748684506_P3jKtdALU3oGt7dM&previous_page_section_name=1000&federated_search_id=3164d8a3-65ec-4eaa-adec-f63bc4010e51,Success,2,1,1,"10.77961,106.70628",35,Được khách yêu thích,30,4.97,Sen,Chủ nhà siêu cấp,4.77,121,5 nam,https://www.airbnb.com.vn/users/show/349332767,100,,,56.66666667,57.60869565
7,Ban công bên ngoài nhà B 402,https://www.airbnb.com.vn/rooms/1176111050980920305?adults=2&search_mode=regular_search&check_in=2025-07-25&check_out=2025-07-27&children=0&infants=0&pets=0&source_impression_id=p3_1748684506_P3T39B4WM4oZbi1m&previous_page_section_name=1000&federated_search_id=3164d8a3-65ec-4eaa-adec-f63bc4010e51,Success,2,1,1,"10.783,106.6877",34,Được khách yêu thích,56,4.98,BHouse,Chủ nhà siêu cấp,4.91,278,11 thang,https://www.airbnb.com.vn/users/show/451421745,96.77419355,,,80,61.95652174
8,Studio trung tâm ấm cúng của Kolab (Phòng 1),https://www.airbnb.com.vn/rooms/1298579254216009466?adults=2&search_mode=regular_search&category_tag=Tag%3A8678&check_in=2025-07-18&check_out=2025-07-20&children=0&infants=0&pets=0&photo_id=2176992210&source_impression_id=p3_1748684506_P3ueRxlBKSLMM8VT&previous_page_section_name=1000&federated_search_id=3164d8a3-65ec-4eaa-adec-f63bc4010e51,Success,,1,,"10.7882,106.7006",42,Được khách yêu thích,43,5,Van Anh,Chủ nhà siêu cấp,4.99,171,6 thang,https://www.airbnb.com.vn/users/show/653227855,100,,,56.66666667,53.26086957
9,Mustang Boutique @BenThanh [2],https://www.airbnb.com.vn/rooms/1428089078118652944?adults=2&search_mode=regular_search&check_in=2025-06-13&check_out=2025-06-15&children=0&infants=0&pets=0&source_impression_id=p3_1748684506_P3lWkUXWiE9HodrI&previous_page_section_name=1000&federated_search_id=3164d8a3-65ec-4eaa-adec-f63bc4010e51,Success,3,1,1,"10.77254,106.69305",38,,5,5,Thi Tuyet Anh,,5,8,,https://www.airbnb.com.vn/users/show/696724013,100,,,3.333333333,1.086956522
10,35m2 Vintage Boutique Suite w Ban công ở Bến Thành,https://www.airbnb.com.vn/rooms/1236069126152869613?adults=2&search_mode=regular_search&category_tag=Tag%3A8678&check_in=2025-08-01&check_out=2025-08-03&children=0&infants=0&pets=0&photo_id=1988585660&source_impression_id=p3_1748684506_P3LVAP3arRtHTbJM&previous_page_section_name=1000&federated_search_id=3164d8a3-65ec-4eaa-adec-f63bc4010e51,Success,,1,,"10.7701,106.6899",16,Được khách yêu thích,52,4.87,Hạnh,Chủ nhà siêu cấp,4.72,671,6 nam,https://www.airbnb.com.vn/users/show/235410945,100,,,33.33333333,30.43478261
