ID,Name,Link
1,(401TTD) Studio nhỏ gọn với tầm nhìn đẹp,https://www.airbnb.com.vn/rooms/1386690223982968237?adults=2&search_mode=regular_search&check_in=2025-07-11&check_out=2025-07-13&children=0&infants=0&pets=0&source_impression_id=p3_1748684506_P3ogHpIjV0DvwaJs&previous_page_section_name=1000&federated_search_id=3164d8a3-65ec-4eaa-adec-f63bc4010e51
2,Đặc biệt Taibo House,https://www.airbnb.com.vn/rooms/1084113685930944761?adults=2&search_mode=regular_search&category_tag=Tag%3A8678&check_in=2025-11-14&check_out=2025-11-16&children=0&infants=0&pets=0&photo_id=1834736341&source_impression_id=p3_1748684506_P3eFEBYBIslnk_q0&previous_page_section_name=1000&federated_search_id=3164d8a3-65ec-4eaa-adec-f63bc4010e51
3,Khu nghỉ dưỡng đô thị: Studio 2B hiện đại của Circadian,https://www.airbnb.com.vn/rooms/1251142503917779619?adults=2&search_mode=regular_search&check_in=2025-06-27&check_out=2025-06-29&children=0&infants=0&pets=0&source_impression_id=p3_1748684506_P3EaWH0NrdMa-oI4&previous_page_section_name=1000&federated_search_id=3164d8a3-65ec-4eaa-adec-f63bc4010e51
4,Căn hộ dịch vụ ngay quận 1,https://www.airbnb.com.vn/rooms/1364503055472486650?adults=2&search_mode=regular_search&category_tag=Tag%3A8678&check_in=2025-07-25&check_out=2025-07-27&children=0&infants=0&pets=0&photo_id=2096378164&source_impression_id=p3_1748684506_P3r88AHzhusxLAcH&previous_page_section_name=1000&federated_search_id=3164d8a3-65ec-4eaa-adec-f63bc4010e51
5,Studio hoàn toàn mới - có thể đi bộ đến chợ Bến Thành,https://www.airbnb.com.vn/rooms/997507441435020883?adults=2&search_mode=regular_search&check_in=2025-06-20&check_out=2025-06-22&children=0&infants=0&pets=0&source_impression_id=p3_1748684506_P3F0p-ITrViWH1Cr&previous_page_section_name=1000&federated_search_id=3164d8a3-65ec-4eaa-adec-f63bc4010e51
6,Studio ấm cúng_đường Lê Thánh Tôn_ Trung tâm D1_R202,https://www.airbnb.com.vn/rooms/917970165485722979?adults=2&search_mode=regular_search&check_in=2025-06-20&check_out=2025-06-22&children=0&infants=0&pets=0&source_impression_id=p3_1748684506_P3jKtdALU3oGt7dM&previous_page_section_name=1000&federated_search_id=3164d8a3-65ec-4eaa-adec-f63bc4010e51
7,Ban công bên ngoài nhà B 402,https://www.airbnb.com.vn/rooms/1176111050980920305?adults=2&search_mode=regular_search&check_in=2025-07-25&check_out=2025-07-27&children=0&infants=0&pets=0&source_impression_id=p3_1748684506_P3T39B4WM4oZbi1m&previous_page_section_name=1000&federated_search_id=3164d8a3-65ec-4eaa-adec-f63bc4010e51
8,Studio trung tâm ấm cúng của Kolab (Phòng 1),https://www.airbnb.com.vn/rooms/1298579254216009466?adults=2&search_mode=regular_search&category_tag=Tag%3A8678&check_in=2025-07-18&check_out=2025-07-20&children=0&infants=0&pets=0&photo_id=2176992210&source_impression_id=p3_1748684506_P3ueRxlBKSLMM8VT&previous_page_section_name=1000&federated_search_id=3164d8a3-65ec-4eaa-adec-f63bc4010e51
9,Mustang Boutique @BenThanh [2],https://www.airbnb.com.vn/rooms/1428089078118652944?adults=2&search_mode=regular_search&check_in=2025-06-13&check_out=2025-06-15&children=0&infants=0&pets=0&source_impression_id=p3_1748684506_P3lWkUXWiE9HodrI&previous_page_section_name=1000&federated_search_id=3164d8a3-65ec-4eaa-adec-f63bc4010e51
10,35m2 Vintage Boutique Suite w Ban công ở Bến Thành,https://www.airbnb.com.vn/rooms/1236069126152869613?adults=2&search_mode=regular_search&category_tag=Tag%3A8678&check_in=2025-08-01&check_out=2025-08-03&children=0&infants=0&pets=0&photo_id=1988585660&source_impression_id=p3_1748684506_P3LVAP3arRtHTbJM&previous_page_section_name=1000&federated_search_id=3164d8a3-65ec-4eaa-adec-f63bc4010e51
