ID,Name,Link,Scrape_status,Guest_num,Bed_num,Bath_num,Location,Utility_num,Rating_title,Rating_num,Rating_star,Host_name,Host_title,Host_rating_star,Host_rating_num,Host_exp,Host_link,This_month_booked_rate,Next_1_month_booked_rate,Next_3_month_booked_rate
1,Room1B @ Kitsune. Một BR hiện đại ở trung tâm Sài Gòn,https://www.airbnb.com.vn/rooms/30267622,Success,2.0,1.0,1.0,"10.79104,106.68707",30.0,Được khách yêu thích,255.0,4.89,Hà,Chủ nhà siêu cấp,4.89,1015.0,7 nam,https://www.airbnb.com.vn/users/show/66846313,40.0,22.58064516129032,38.04347826086957
2,Ban công bên ngoài nhà B 402,https://www.airbnb.com.vn/rooms/1176111050980920305,Success,2.0,1.0,1.0,"10.783,106.6877",34.0,Được khách yêu thích,57.0,4.98,BHouse,Chủ nhà siêu cấp,4.91,280.0,11 thang,https://www.airbnb.com.vn/users/show/451421745,73.33333333333333,74.19354838709677,43.47826086956522
3,Le Boulevard Apt-Beautiful 1BR-Walkable War Museum,https://www.airbnb.com.vn/rooms/44006835,Success,2.0,1.0,1.0,"10.78111,106.69195",34.0,Được khách yêu thích,77.0,4.79,"Shell, Alice, Tee, Lyn And Aris",Chủ nhà siêu cấp,4.64,5467.0,9 nam,https://www.airbnb.com.vn/users/show/60005629,60.0,16.129032258064516,6.521739130434782
4,Phòng 2-Beautiful Studio w Tầng thượng & ban công @ D3,https://www.airbnb.com.vn/rooms/24151308,Success,2.0,1.0,1.0,"10.7674,106.6791",40.0,Được khách yêu thích,212.0,4.97,Huy & Nhi,Chủ nhà siêu cấp,4.95,1024.0,7 nam,https://www.airbnb.com.vn/users/show/133184725,100.0,64.51612903225806,54.34782608695652
5,R5 - Hiện đại +Ấm cúng+Máy chiếu gần phố tây ba lô,https://www.airbnb.com.vn/rooms/39655954,Success,,1.0,,"10.7666,106.6845",33.0,,287.0,4.74,Divyansh,Chủ nhà siêu cấp,4.79,836.0,6 nam,https://www.airbnb.com.vn/users/show/92779913,43.333333333333336,38.70967741935484,27.173913043478255
6,Căn hộ quận 1,https://www.airbnb.com.vn/rooms/1369520097297543756,Success,,1.0,,"10.7914,106.6962",31.0,,15.0,4.53,Hana,,4.71,48.0,3 thang,https://www.airbnb.com.vn/users/show/666975492,76.66666666666667,48.38709677419355,16.304347826086957
7,Nhận phòng 24/7 • Ban công • Trung tâm • Sân bay 15 phút,https://www.airbnb.com.vn/rooms/1184520019260677899,Success,,1.0,,"10.787,106.6787",41.0,Được khách yêu thích,49.0,4.92,Vo Huynh Anh,Chủ nhà siêu cấp,4.94,181.0,10 thang,https://www.airbnb.com.vn/users/show/476476635,56.66666666666666,22.58064516129032,7.608695652173914
8,4.2 Khai trương Openning Studio 32m2 trung tâm Q3,https://www.airbnb.com.vn/rooms/1378067065782414276,Success,2.0,1.0,1.0,"10.773,106.6796",35.0,,,,Huỳnh Thị Ngọc,,5.0,1.0,2 thang,https://www.airbnb.com.vn/users/show/684552121,73.33333333333333,0.0,0.0
9,Phòng studio có đầy đủ tiện nghi,https://www.airbnb.com.vn/rooms/1333074006007559793,Success,,1.0,,"10.7902977,106.6781264",12.0,Được khách yêu thích,9.0,5.0,Thomas,Chủ nhà siêu cấp,5.0,9.0,4 thang,https://www.airbnb.com.vn/users/show/239681269,6.666666666666667,6.451612903225806,5.434782608695652
10,AustinHome#6_The Tiny Corner/Netflix,https://www.airbnb.com.vn/rooms/563395722592154027,Success,2.0,1.0,1.0,"10.76942,106.68465",39.0,Được khách yêu thích,118.0,4.9,Austin & Vanessa,Chủ nhà siêu cấp,4.95,1296.0,7 nam,https://www.airbnb.com.vn/users/show/126966244,30.0,22.58064516129032,10.869565217391305
11,A&VHome#2_Cuộc sống hiện đại (Không có thang máy),https://www.airbnb.com.vn/rooms/1181836124942202198,Success,,1.0,,"10.78514,106.66922",43.0,Được khách yêu thích,27.0,5.0,Austin & Vanessa,Chủ nhà siêu cấp,4.95,1296.0,7 nam,https://www.airbnb.com.vn/users/show/126966244,40.0,29.03225806451613,13.043478260869565
12,Giảm 20% căn hộ ban công gần sân bay và trung tâm thành phố với phòng tập thể dục,https://www.airbnb.com.vn/rooms/1401807635559094558,Success,3.0,1.0,2.0,"10.792,106.6804",51.0,,,,Annie,Chủ nhà siêu cấp,4.92,96.0,7 nam,https://www.airbnb.com.vn/users/show/55333590,70.0,100.0,93.47826086956522
13,"Quận 3 - Min space, max living - Giữa Sài Gòn -201",https://www.airbnb.com.vn/rooms/1164538808948700997,Success,,1.0,,"10.78706,106.69323",36.0,Được khách yêu thích,17.0,4.88,Hoang,Chủ nhà siêu cấp,4.76,240.0,2 nam,https://www.airbnb.com.vn/users/show/430972425,80.0,3.225806451612903,1.0869565217391304
14,Đặc biệt Taibo House,https://www.airbnb.com.vn/rooms/1084113685930944761,Success,,1.0,,"10.77153,106.69527",12.0,Được khách yêu thích,67.0,4.79,Tài,,4.68,254.0,1 nam,https://www.airbnb.com.vn/users/show/544961443,73.33333333333333,100.0,100.0
15,"Phòng 102, Chip Homestay & Studio",https://www.airbnb.com.vn/rooms/1346422009827625289,Success,2.0,1.0,1.0,"10.77087,106.69226",36.0,Được khách yêu thích,17.0,4.88,Chip Homestay & Studio,Chủ nhà siêu cấp,4.81,84.0,4 thang,https://www.airbnb.com.vn/users/show/673691075,60.0,70.96774193548387,45.65217391304348
16,Phòng mới (1) tại khu trung tâm chợ Tân Định,https://www.airbnb.com.vn/rooms/829710097977768610,Success,2.0,1.0,1.0,"10.78881,106.691",34.0,Được khách yêu thích,27.0,4.85,Uyen,Chủ nhà siêu cấp,4.87,391.0,8 nam,https://www.airbnb.com.vn/users/show/102798571,33.33333333333333,0.0,0.0
17,"Quận 3 - Netflix, Bath lover - Chill giữa Sài Gòn",https://www.airbnb.com.vn/rooms/1157979547587612650,Success,,,,"10.7861,106.6929",35.0,,55.0,4.78,Nana,Chủ nhà siêu cấp,4.88,184.0,2 nam,https://www.airbnb.com.vn/users/show/537266508,53.333333333333336,32.25806451612903,32.608695652173914
18,Một studio tuyệt vời với hai khu vườn riêng trên tầng thượng,https://www.airbnb.com.vn/rooms/31462391,Success,2.0,1.0,1.0,"10.79093,106.68178",32.0,Được khách yêu thích,116.0,4.84,Vinh Phuc,Chủ nhà siêu cấp,4.86,372.0,9 nam,https://www.airbnb.com.vn/users/show/69755428,70.0,19.35483870967742,48.91304347826087
19,"Căn hộ gần Bùi Viện, bệnh viện Bình Dân",https://www.airbnb.com.vn/rooms/1358376724427890963,Success,,1.0,,"10.7736953,106.6815359",43.0,,4.0,5.0,Moga Nest,Chủ nhà siêu cấp,4.89,38.0,2 thang,https://www.airbnb.com.vn/users/show/679277893,100.0,58.06451612903226,19.565217391304348
20,Căn hộ Le Boulevard - Hiện đại và có thể đi bộ đến Bảo tàng chiến tranh,https://www.airbnb.com.vn/rooms/43962775,Success,2.0,1.0,1.0,"10.78131,106.69383",30.0,Được khách yêu thích,45.0,4.82,"Shell, Alice, Tee, Lyn And Aris",Chủ nhà siêu cấp,4.64,5467.0,9 nam,https://www.airbnb.com.vn/users/show/60005629,43.333333333333336,12.903225806451612,4.3478260869565215
21,"102. Phòng ấm cúng với bancony, phòng tập thể dục miễn phí",https://www.airbnb.com.vn/rooms/1302605644185898839,Success,,1.0,,"10.792,106.6804",42.0,,3.0,5.0,Annie,Chủ nhà siêu cấp,4.92,96.0,7 nam,https://www.airbnb.com.vn/users/show/55333590,83.33333333333334,100.0,65.21739130434783
22,B House Inner 401,https://www.airbnb.com.vn/rooms/1180420489289053671,Success,2.0,1.0,1.0,"10.783,106.6878",33.0,Được khách yêu thích,32.0,4.97,BHouse,Chủ nhà siêu cấp,4.91,280.0,11 thang,https://www.airbnb.com.vn/users/show/451421745,90.0,35.483870967741936,35.869565217391305
23,R2-Modern Cozy+SmartTV gần phố Tây ba lô,https://www.airbnb.com.vn/rooms/39474890,Success,,1.0,,"10.7666,106.6845",42.0,Được khách yêu thích,158.0,4.81,Divyansh,Chủ nhà siêu cấp,4.79,836.0,6 nam,https://www.airbnb.com.vn/users/show/92779913,76.66666666666667,48.38709677419355,29.347826086956523
24,Room3B @ Kitsune. Một BR hiện đại ở trung tâm Sài Gòn,https://www.airbnb.com.vn/rooms/30267928,Success,,1.0,,"10.7906,106.6877",31.0,Được khách yêu thích,179.0,4.92,Hà,Chủ nhà siêu cấp,4.89,1015.0,7 nam,https://www.airbnb.com.vn/users/show/66846313,36.66666666666666,25.806451612903224,8.695652173913043
25,Phòng 5 phòng studio với mái nhà và ban công tuyệt đẹp,https://www.airbnb.com.vn/rooms/24151140,Success,,1.0,,"10.7668,106.6788",41.0,Được khách yêu thích,201.0,4.93,Huy & Nhi,Chủ nhà siêu cấp,4.95,1024.0,7 nam,https://www.airbnb.com.vn/users/show/133184725,100.0,100.0,82.60869565
26,Căn hộ gần trung tâm TP HCM và Sân bay + Phòng tập thể dục miễn phí,https://www.airbnb.com.vn/rooms/1165771054973486034,Success,3.0,1.0,1.0,"10.7919,106.6806",42.0,Được khách yêu thích,63.0,4.97,Annie,Chủ nhà siêu cấp,4.92,96.0,7 nam,https://www.airbnb.com.vn/users/show/55333590,80.0,35.483870967741936,33.69565217391305
27,Căn hộ dịch vụ ngay quận 1,https://www.airbnb.com.vn/rooms/1364503055472486650,Success,,1.0,,"10.7914,106.6962",41.0,,21.0,4.81,Hana,,4.71,48.0,3 thang,https://www.airbnb.com.vn/users/show/666975492,66.66666666666666,70.96774193548387,23.91304347826087
28,Le Boulevard-Amazing 1BR Walking to War Museum,https://www.airbnb.com.vn/rooms/44006488,Success,2.0,1.0,1.0,"10.78256,106.69184",34.0,Được khách yêu thích,88.0,4.75,"Shell, Alice, Tee, Lyn And Aris",Chủ nhà siêu cấp,4.64,5467.0,9 nam,https://www.airbnb.com.vn/users/show/60005629,66.66666666666666,0.0,0.0
29,Saigon Alley Home • nhận phòng 24/7 • Netflix,https://www.airbnb.com.vn/rooms/1196236879859747142,Success,,1.0,,"10.787,106.6787",42.0,Được khách yêu thích,75.0,4.95,Vo Huynh Anh,Chủ nhà siêu cấp,4.94,181.0,10 thang,https://www.airbnb.com.vn/users/show/476476635,26.666666666666668,12.903225806451612,4.3478260869565215
30,Đặc biệt Taibo House,https://www.airbnb.com.vn/rooms/1084113685930944761,Success,,1.0,,"10.77153,106.69527",12.0,Được khách yêu thích,67.0,4.79,Tài,,4.68,254.0,1 nam,https://www.airbnb.com.vn/users/show/544961443,73.33333333333333,100.0,100.0
31,AustinHome#3_The Elegance in small space/Netflix,https://www.airbnb.com.vn/rooms/559809628485332885,Success,,1.0,,"10.77123,106.68508",40.0,Được khách yêu thích,104.0,4.9,Austin & Vanessa,Chủ nhà siêu cấp,4.95,1296.0,7 nam,https://www.airbnb.com.vn/users/show/126966244,33.33333333333333,51.61290322580645,17.391304347826086
32,AustinHome#5_The Hideaway để thư giãn/Netflix,https://www.airbnb.com.vn/rooms/49743451,Success,,1.0,,"10.77161,106.68324",40.0,Được khách yêu thích,120.0,4.93,Austin & Vanessa,Chủ nhà siêu cấp,4.95,1296.0,7 nam,https://www.airbnb.com.vn/users/show/126966244,53.333333333333336,48.38709677419355,28.26086956521739
33,A&VHome#1_Nghệ thuật sống (Không có thang máy),https://www.airbnb.com.vn/rooms/1146759334237360547,Success,,1.0,,"10.78508,106.66847",43.0,Được khách yêu thích,35.0,4.97,Austin & Vanessa,Chủ nhà siêu cấp,4.95,1296.0,7 nam,https://www.airbnb.com.vn/users/show/126966244,53.333333333333336,0.0,0.0
34,Studio ấm cúng cho 2 khách có thể đi bộ đến Chợ Bến Thành,https://www.airbnb.com.vn/rooms/996788108362101677,Success,2.0,1.0,1.0,"10.77237,106.69063",33.0,Được khách yêu thích,122.0,4.81,Ben,Chủ nhà siêu cấp,4.62,10000.0,14 nam,https://www.airbnb.com.vn/users/show/1443279,46.66666666666666,38.70967741935484,25.0
35,"Quận 3 - Netflix, Balcony - Giữa lòng Sài Gòn -102",https://www.airbnb.com.vn/rooms/1166649495253458330,Success,2.0,,1.0,"10.78631,106.69377",34.0,,40.0,4.7,Hoang,Chủ nhà siêu cấp,4.76,240.0,2 nam,https://www.airbnb.com.vn/users/show/430972425,23.33333333333333,0.0,0.0
36,Căn hộ ấm cúng Abode Retreat,https://www.airbnb.com.vn/rooms/866399455816813521,Success,2.0,1.0,1.0,"10.7862,106.6925",46.0,,17.0,4.88,Tronibi,Chủ nhà siêu cấp,4.77,106.0,2 nam,https://www.airbnb.com.vn/users/show/507750176,6.666666666666667,9.677419355,3.260869565217391
37,Căn hộ ấm cúng Abode Retreat,https://www.airbnb.com.vn/rooms/866399455816813521,Success,2.0,1.0,1.0,"10.7862,106.6925",46.0,,17.0,4.88,Tronibi,Chủ nhà siêu cấp,4.77,106.0,2 nam,https://www.airbnb.com.vn/users/show/507750176,6.666666666666667,9.677419355,3.260869565217391
38,Phòng ấm cúng của Phòng thí nghiệm Thực vật học tại Tân Định của Circadian,https://www.airbnb.com.vn/rooms/32368715,Success,2.0,1.0,1.0,"10.79228,106.68611",45.0,,179.0,4.85,Circadian,Chủ nhà siêu cấp,4.88,7953.0,8 nam,https://www.airbnb.com.vn/users/show/122829979,46.66666666666666,9.677419355,7.608695652173914
39,"Phòng tiết kiệm 5, khu phố thân thiện - Quận 3",https://www.airbnb.com.vn/rooms/1332952174909875582,Success,,1.0,,"10.7874158,106.684294",33.0,,3.0,4.67,Nana House,,4.75,4.0,7 thang,https://www.airbnb.com.vn/users/show/656763089,100.0,0.0,0.0
40,"@R2 10 phút đi bộ IndependencePalace, FreeLaundry",https://www.airbnb.com.vn/rooms/1405494615501298532,Success,2.0,1.0,1.0,"10.7713236,106.6864138",26.0,,2.0,,CR Concept,Chủ nhà siêu cấp,4.97,89.0,2 nam,https://www.airbnb.com.vn/users/show/536880559,23.33333333333333,0.0,33.69565217391305
41,Căn Phòng Ấm Cúng Riêng Tư Ở Giữa Lòng Sài Gòn,https://www.airbnb.com.vn/rooms/846670436138394963,Success,,1.0,,"10.78786,106.68516",42.0,Được khách yêu thích,49.0,4.92,Trang,Chủ nhà siêu cấp,4.82,342.0,2 nam,https://www.airbnb.com.vn/users/show/505290025,26.666666666666668,12.903225806451612,4.3478260869565215
42,ngôi nhà hoàn toàn mới: Hiện đại và ấm cúng,https://www.airbnb.com.vn/rooms/1310840829633054918,Success,,2.0,,"10.78988,106.68589",39.0,Được khách yêu thích,9.0,4.89,재호,Chủ nhà siêu cấp,4.96,28.0,5 thang,https://www.airbnb.com.vn/users/show/659200599,40.0,0.0,0.0
43,B House Inner 101,https://www.airbnb.com.vn/rooms/1235516888030126914,Success,,1.0,,"10.78257,106.68818",35.0,Được khách yêu thích,29.0,4.93,BHouse,Chủ nhà siêu cấp,4.91,280.0,11 thang,https://www.airbnb.com.vn/users/show/451421745,43.333333333333336,3.225806451612903,4.3478260869565215
44,Room2B @ Kitsune Saigon ấn tượng tối giản BR hiện đại,https://www.airbnb.com.vn/rooms/30267829,Success,,1.0,,"10.79126,106.68808",31.0,Được khách yêu thích,143.0,4.88,Hà,Chủ nhà siêu cấp,4.89,1015.0,7 nam,https://www.airbnb.com.vn/users/show/66846313,100.0,29.03225806451613,23.91304347826087
45,Căn hộ Le Boulevard - Căn hộ 1 phòng ngủ yên bình cho du khách ở Quận 3,https://www.airbnb.com.vn/rooms/910500668139080795,Success,2.0,1.0,1.0,"10.78171,106.6938",33.0,Được khách yêu thích,60.0,4.75,"Shell, Alice, Tee, Lyn And Aris",Chủ nhà siêu cấp,4.64,5467.0,9 nam,https://www.airbnb.com.vn/users/show/60005629,93.33333333333331,12.903225806451612,4.3478260869565215
46,Nhận phòng 24/7 • Netflix • Saigon Alley Home,https://www.airbnb.com.vn/rooms/1196204240382251466,Success,,1.0,,"10.787,106.6787",38.0,Được khách yêu thích,51.0,4.94,Vo Huynh Anh,Chủ nhà siêu cấp,4.94,181.0,10 thang,https://www.airbnb.com.vn/users/show/476476635,13.333333333333334,0.0,0.0
47,Tahug House 021 (thang máy),https://www.airbnb.com.vn/rooms/1418059956711068789,Success,,1.0,,"10.7727,106.6963",12.0,,2.0,,Tài,,4.68,254.0,1 nam,https://www.airbnb.com.vn/users/show/544961443,43.333333333333336,0.0,0.0
48,LeeLai Studio 30m2 Trung tâm Quận 1,https://www.airbnb.com.vn/rooms/1404055431370787129,Success,3.0,1.0,1.0,"10.7693,106.6916",45.0,Được khách yêu thích,5.0,5.0,Tommy Nguyen,,4.8,148.0,8 nam,https://www.airbnb.com.vn/users/show/138866712,53.333333333333336,54.83870967741935,52.17391304347826
49,Studio hoàn toàn mới - đáng yêu cho du khách trong trái tim D1,https://www.airbnb.com.vn/rooms/1171355657077390300,Failed,,,,,,,,,,,,,,,,,
50,°o°,https://www.airbnb.com.vn/rooms/972838312309855510,Success,3.0,2.0,1.0,"10.76913,106.6826",40.0,,88.0,4.65,Saigon Hideout,,4.71,4393.0,7 nam,https://www.airbnb.com.vn/users/show/132733770,23.33333333333333,0.0,0.0
51,Phòng 7 - Studio được thiết kế đẹp mắt trên tầng thượng tại D3,https://www.airbnb.com.vn/rooms/24489268,Success,2.0,1.0,1.0,"10.7668,106.6788",38.0,Được khách yêu thích,114.0,4.91,Huy & Nhi,Chủ nhà siêu cấp,4.95,1024.0,7 nam,https://www.airbnb.com.vn/users/show/133184725,96.66666666666669,61.29032258064516,39.130434782608695
52,"AustinHome#2_Địa điểm sáng tạo/Workin 'desk,Netflix",https://www.airbnb.com.vn/rooms/49641685,Success,,1.0,,"10.77139,106.6829",40.0,Được khách yêu thích,95.0,5.0,Austin & Vanessa,Chủ nhà siêu cấp,4.95,1296.0,7 nam,https://www.airbnb.com.vn/users/show/126966244,36.66666666666666,3.225806451612903,13.043478260869565
53,"@R3 10 phút đi bộ IndependencePalace, FreeLaundry",https://www.airbnb.com.vn/rooms/1405463379733829985,Success,3.0,1.0,1.0,"10.7710873,106.6869163",28.0,,2.0,,CR Concept,Chủ nhà siêu cấp,4.97,89.0,2 nam,https://www.airbnb.com.vn/users/show/536880559,100.0,100.0,68.47826086956522
54,Căn hộ dịch vụ Sài Gòn 1 phòng ngủ Trung tâm thành phố gần Công viên,https://www.airbnb.com.vn/rooms/1392719774028021850,Success,3.0,1.0,1.0,"10.7773,106.6912",47.0,,4.0,5.0,Yung,Chủ nhà siêu cấp,4.86,1747.0,11 nam,https://www.airbnb.com.vn/users/show/17530851,6.666666666666667,0.0,0.0
55,“Homezie Saigon – Căn hộ sang xịn giá hời,https://www.airbnb.com.vn/rooms/1410625965693568082,Success,,2.0,,"10.7898015,106.6849708",44.0,,1.0,,Ngân,,5.0,4.0,1 thang,https://www.airbnb.com.vn/users/show/107379884,13.333333333333334,0.0,0.0
56,Vị trí hoàn hảo {Trung tâm thành phố},https://www.airbnb.com.vn/rooms/1389731341755865005,Success,,1.0,,"10.7871,106.6928",26.0,Được khách yêu thích,9.0,5.0,Katie Homes,Chủ nhà siêu cấp,4.89,92.0,5 thang,https://www.airbnb.com.vn/users/show/277799131,13.333333333333334,0.0,0.0
57,Le Boulevard-Elegant 1BR Apt Walking to War Museum,https://www.airbnb.com.vn/rooms/44090762,Success,2.0,1.0,1.0,"10.78098,106.69345",35.0,Được khách yêu thích,48.0,4.79,"Shell, Alice, Tee, Lyn And Aris",Chủ nhà siêu cấp,4.64,5467.0,9 nam,https://www.airbnb.com.vn/users/show/60005629,63.33333333333333,38.70967741935484,27.173913043478255
58,Studio Tân Định • nhận phòng 24/7,https://www.airbnb.com.vn/rooms/1394307031461571063,Success,2.0,2.0,1.0,"10.7875,106.6882",41.0,Được khách yêu thích,6.0,5.0,Vo Huynh Anh,Chủ nhà siêu cấp,4.94,181.0,10 thang,https://www.airbnb.com.vn/users/show/476476635,100.0,64.51612903225806,21.73913043478261
59,Botanist Lab cozy room ở Tan Dinh bởi CIRCADIAN,https://www.airbnb.com.vn/rooms/31871747,Success,,1.0,,"10.79237,106.6874",46.0,Được khách yêu thích,113.0,4.81,Circadian,Chủ nhà siêu cấp,4.88,7953.0,8 nam,https://www.airbnb.com.vn/users/show/122829979,50.0,12.903225806451612,8.695652173913043
60,The Nest Homestay số 3,https://www.airbnb.com.vn/rooms/1167242614369358612,Success,,1.0,,"10.782,106.6933",27.0,,,,Cuc,,4.72,599.0,6 nam,https://www.airbnb.com.vn/users/show/249867462,6.666666666666667,0.0,0.0
61,Wabi Sabi Insp + Netflix + Bồn tắm 5 phút@Ben Thanh,https://www.airbnb.com.vn/rooms/987926716894388540,Success,3.0,2.0,1.0,"10.77326,106.69495",41.0,,188.0,4.65,Saigon Hideout,,4.71,4393.0,7 nam,https://www.airbnb.com.vn/users/show/132733770,13.333333333333334,0.0,0.0
62,Phòng được yêu thích nhất trong Villa quận 3,https://www.airbnb.com.vn/rooms/930310182644180142,Success,2.0,1.0,1.0,"10.7869,106.6853",52.0,Được khách yêu thích,47.0,4.98,Trang,Chủ nhà siêu cấp,4.82,342.0,2 nam,https://www.airbnb.com.vn/users/show/505290025,43.333333333333336,0.0,0.0
63,ƯU ĐÃI | Căn hộ 2 phòng ngủ rộng rãi và ấm cúng * Trung tâm TP HCM,https://www.airbnb.com.vn/rooms/1378833389683610286,Success,4.0,2.0,1.0,"10.7724,106.687",42.0,Được khách yêu thích,14.0,5.0,Mallorie,Chủ nhà siêu cấp,4.98,55.0,4 thang,https://www.airbnb.com.vn/users/show/501026746,73.33333333333333,87.09677419354838,57.60869565217392
64,Ban công ngoài nhà B 302,https://www.airbnb.com.vn/rooms/1180415004921265799,Success,2.0,1.0,1.0,"10.783,106.6878",36.0,Được khách yêu thích,50.0,4.88,BHouse,Chủ nhà siêu cấp,4.91,280.0,11 thang,https://www.airbnb.com.vn/users/show/451421745,100.0,22.58064516129032,13.043478260869565
65,Room2A @ Kitsune Saigon Central Central rộng rãi hiện đại BR,https://www.airbnb.com.vn/rooms/30245010,Success,,1.0,,"10.7906,106.6877",39.0,Được khách yêu thích,118.0,4.89,Hà,Chủ nhà siêu cấp,4.89,1015.0,7 nam,https://www.airbnb.com.vn/users/show/66846313,33.33333333333333,0.0,2.1739130434782608
66,Le Boulevard-Amazing City View 1BR With Kitchen D3,https://www.airbnb.com.vn/rooms/1413500705711452181,Success,2.0,1.0,1.0,"10.7809982,106.6937466",34.0,,2.0,,"Shell, Alice, Tee, Lyn And Aris",Chủ nhà siêu cấp,4.64,5467.0,9 nam,https://www.airbnb.com.vn/users/show/60005629,36.66666666666666,0.0,0.0
67,Le Boulevard Apt-Stunning For Travelers In D3,https://www.airbnb.com.vn/rooms/580073259220378964,Success,2.0,1.0,1.0,"10.78142,106.69232",34.0,,51.0,4.67,"Shell, Alice, Tee, Lyn And Aris",Chủ nhà siêu cấp,4.64,5467.0,9 nam,https://www.airbnb.com.vn/users/show/60005629,100.0,96.77419355,32.608695652173914
68,35m2 Vintage Boutique Suite w Ban công ở Bến Thành,https://www.airbnb.com.vn/rooms/1236069126152869613,Success,,1.0,,"10.7701,106.6899",16.0,Được khách yêu thích,52.0,4.87,Hạnh,Chủ nhà siêu cấp,4.72,673.0,6 nam,https://www.airbnb.com.vn/users/show/235410945,43.333333333333336,38.70967741935484,20.65217391304348
69,Phòng 4 - Boutique homestay với vườn trên tầng thượng,https://www.airbnb.com.vn/rooms/24151261,Success,,1.0,,"10.7674,106.6792",41.0,Được khách yêu thích,150.0,4.97,Huy & Nhi,Chủ nhà siêu cấp,4.95,1024.0,7 nam,https://www.airbnb.com.vn/users/show/133184725,100.0,64.51612903225806,38.04347826086957
70,AustinHome#4_The Little Home/Netflix,https://www.airbnb.com.vn/rooms/563440177765078378,Success,,1.0,,"10.76973,106.68289",39.0,Được khách yêu thích,91.0,4.93,Austin & Vanessa,Chủ nhà siêu cấp,4.95,1296.0,7 nam,https://www.airbnb.com.vn/users/show/126966244,23.33333333333333,16.129032258064516,5.434782608695652
71,#101 Phòng ban công gần sân bay|Máy chiếu Netflix,https://www.airbnb.com.vn/rooms/1051918800923923074,Success,2.0,,1.0,"10.79117,106.67063",27.0,Được khách yêu thích,96.0,4.93,Hai,Chủ nhà siêu cấp,4.93,398.0,1 nam,https://www.airbnb.com.vn/users/show/479055797,60.0,6.451612903225806,27.173913043478255
72,(201) Bùi Viện mất 10 phút đi bộ/Ngôi nhà ấm cúng,https://www.airbnb.com.vn/rooms/1390458935155137738,Success,2.0,1.0,1.0,"10.7701,106.6882",25.0,,7.0,4.57,Damda Homes,Chủ nhà siêu cấp,4.83,29.0,10 thang,https://www.airbnb.com.vn/users/show/550926213,30.0,0.0,0.0
73,New 1BR+Bếp +Bếp+Ban công D1,https://www.airbnb.com.vn/rooms/1020578552150976273,Success,2.0,1.0,1.0,"10.771,106.6877",39.0,Được khách yêu thích,243.0,4.97,Hang,Chủ nhà siêu cấp,4.97,249.0,2 nam,https://www.airbnb.com.vn/users/show/135756543,43.333333333333336,38.70967741935484,21.73913043478261
74,Digital Nomad @Saigon Hideout,https://www.airbnb.com.vn/rooms/972873441559867798,Success,2.0,1.0,1.0,"10.77032,106.6843",37.0,,74.0,4.73,Saigon Hideout,,4.71,4393.0,7 nam,https://www.airbnb.com.vn/users/show/132733770,6.666666666666667,0.0,0.0
75,Vị trí hoàn hảo [Trung tâm thành phố],https://www.airbnb.com.vn/rooms/1317682907783660127,Success,2.0,1.0,0.0,"10.778,106.6911",25.0,Được khách yêu thích,28.0,4.82,Katie Homes,Chủ nhà siêu cấp,4.89,92.0,5 thang,https://www.airbnb.com.vn/users/show/277799131,10.0,0.0,0.0
76,1#Căn hộ 1 phòng ngủ hiện đại | Quận 3 I Đón miễn phí,https://www.airbnb.com.vn/rooms/1391643616386803782,Success,2.0,1.0,1.0,"10.7842337,106.6971887",38.0,Được khách yêu thích,7.0,4.86,Pham,,4.93,15.0,1 thang,https://www.airbnb.com.vn/users/show/211013962,16.666666666666664,0.0,0.0
77,Phòng giá rẻ quận 1,https://www.airbnb.com.vn/rooms/1261295040476541596,Success,,1.0,,"10.768,106.6924",36.0,Được khách yêu thích,18.0,5.0,Amy Nguyen,,4.67,73.0,9 thang,https://www.airbnb.com.vn/users/show/599609772,6.666666666666667,0.0,0.0
78,Studio và sân thượng của một kiến trúc sư tuyệt vời ở Sài Gòn,https://www.airbnb.com.vn/rooms/28143145,Success,2.0,1.0,1.0,"10.79196,106.68264",35.0,,99.0,4.78,Vinh Phuc,Chủ nhà siêu cấp,4.86,372.0,9 nam,https://www.airbnb.com.vn/users/show/69755428,100.0,100.0,100.0
79,PenhouseㅣHiện đạiㅣẤm cúngㅣBalcony chill ㅣTrung tâm,https://www.airbnb.com.vn/rooms/1416510538676240651,Success,,1.0,,"10.7686,106.683",28.0,,,,Tuấn,Bắt đầu đón tiếp khách từ năm 2025,,,,,6.666666666666667,0.0,0.0
80,Căn hộ Vintage bên cạnh chợ Bến Thành.,https://www.airbnb.com.vn/rooms/1267852519356498889,Success,2.0,1.0,1.0,"10.7722,106.6935",35.0,,12.0,4.5,Golden House,,4.74,811.0,2 nam,https://www.airbnb.com.vn/users/show/534097581,66.66666666666666,19.35483870967742,9.782608695652174
81,"@S1 Center City, Bồn tắm, Bếp, Giặt ủi miễn phí",https://www.airbnb.com.vn/rooms/1407787300911141990,Success,3.0,1.0,1.0,"10.7721,106.6875",31.0,,1.0,,CR Concept,Chủ nhà siêu cấp,4.97,89.0,2 nam,https://www.airbnb.com.vn/users/show/536880559,53.333333333333336,38.70967741935484,13.043478260869565
82,"Quận 3 - Netflix, Balcony - Giữa lòng Sài Gòn -202",https://www.airbnb.com.vn/rooms/1157191031216856212,Success,,,,"10.7861,106.6929",36.0,Được khách yêu thích,23.0,4.83,Nana,Chủ nhà siêu cấp,4.88,184.0,2 nam,https://www.airbnb.com.vn/users/show/537266508,26.666666666666668,3.225806451612903,1.0869565217391304
83,Studio D1 - Vị trí tốt nhất - Bên cạnh Bến Thành Mar,https://www.airbnb.com.vn/rooms/1226911195216258553,Success,2.0,1.0,1.0,"10.7724,106.6951",40.0,Được khách yêu thích,52.0,4.94,NU Apartment,Chủ nhà siêu cấp,4.82,768.0,1 nam,https://www.airbnb.com.vn/users/show/566526796,53.333333333333336,38.70967741935484,42.391304347826086
84,Studio 2Pax đáng yêu có thể đi bộ đến Chợ Bến Thành D1,https://www.airbnb.com.vn/rooms/641351118877683284,Success,2.0,1.0,1.0,"10.7717,106.6898",40.0,Được khách yêu thích,73.0,4.71,"Shell, Alice, Tee, Lyn And Aris",Chủ nhà siêu cấp,4.64,5467.0,9 nam,https://www.airbnb.com.vn/users/show/60005629,53.333333333333336,0.0,0.0
85,B House Inner 201,https://www.airbnb.com.vn/rooms/1180421281784433904,Success,2.0,1.0,1.0,"10.783,106.6878",31.0,Được khách yêu thích,44.0,4.91,BHouse,Chủ nhà siêu cấp,4.91,280.0,11 thang,https://www.airbnb.com.vn/users/show/451421745,13.333333333333334,0.0,9.782608695652174
86,Room1A @ Kitsune. Một BR hiện đại ở trung tâmigon,https://www.airbnb.com.vn/rooms/30241652,Success,,1.0,,"10.78952,106.68718",41.0,Được khách yêu thích,88.0,4.88,Hà,Chủ nhà siêu cấp,4.89,1015.0,7 nam,https://www.airbnb.com.vn/users/show/66846313,100.0,35.483870967741936,11.956521739130435
87,Phòng 8 - giường cỡ king và vườn trên tầng thượng ở D3,https://www.airbnb.com.vn/rooms/22734713,Success,,1.0,,"10.7672,106.679",42.0,Được khách yêu thích,152.0,4.93,Huy & Nhi,Chủ nhà siêu cấp,4.95,1024.0,7 nam,https://www.airbnb.com.vn/users/show/133184725,100.0,16.129032258064516,10.869565217391305
88,#121 Phòng ấm cúng có bếp chung gần sân bay,https://www.airbnb.com.vn/rooms/1231119321481630276,Success,,1.0,,"10.7922,106.6717",38.0,Được khách yêu thích,26.0,5.0,Hai,Chủ nhà siêu cấp,4.93,398.0,1 nam,https://www.airbnb.com.vn/users/show/479055797,33.33333333333333,0.0,0.0
89,"P""m""P. 16 : Hòa hợp Annamite cổ điển * D1",https://www.airbnb.com.vn/rooms/926385166647002022,Success,2.0,1.0,1.0,"10.7657,106.6882",34.0,Được khách yêu thích,169.0,4.96,Anh,Chủ nhà siêu cấp,4.93,5366.0,8 nam,https://www.airbnb.com.vn/users/show/118444724,23.33333333333333,3.225806451612903,1.0869565217391304
90,"Trung tâm thành phố HCM, môi trường xung quanh và vị trí tuyệt đẹp",https://www.airbnb.com.vn/rooms/1378867807970065022,Success,2.0,2.0,1.0,"10.7889445,106.6769242",6.0,Được khách yêu thích,5.0,5.0,Minh & Jenny,Chủ nhà siêu cấp,4.92,153.0,1 nam,https://www.airbnb.com.vn/users/show/376307404,6.666666666666667,0.0,0.0
91,"Trung tâm thành phố HCM, môi trường xung quanh và vị trí tuyệt đẹp",https://www.airbnb.com.vn/rooms/1378867807970065022,Success,2.0,2.0,1.0,"10.7889445,106.6769242",6.0,Được khách yêu thích,5.0,5.0,Minh & Jenny,Chủ nhà siêu cấp,4.92,153.0,1 nam,https://www.airbnb.com.vn/users/show/376307404,6.666666666666667,0.0,0.0
92,Căn hộ mini q3 thoáng mát 01,https://www.airbnb.com.vn/rooms/1408469646229680404,Success,,1.0,,"10.7806072,106.6814018",11.0,,,,Trọng Thành,,4.12,107.0,1 nam,https://www.airbnb.com.vn/users/show/551783545,13.333333333333334,0.0,0.0
93,Phòng gần Bùi Viện,https://www.airbnb.com.vn/rooms/1422093125324373270,Success,2.0,1.0,1.0,"10.7694,106.6974",4.0,,,,Trọng,Bắt đầu đón tiếp khách từ năm 2025,,,,,83.33333333333334,0.0,0.0
94,Studio 2 giường thoải mái ngay trung tâm Quận 1,https://www.airbnb.com.vn/rooms/640873593961939551,Success,2.0,1.0,1.0,"10.7717,106.6898",33.0,Được khách yêu thích,126.0,4.83,Ben,Chủ nhà siêu cấp,4.62,10000.0,14 nam,https://www.airbnb.com.vn/users/show/1443279,76.66666666666667,58.06451612903226,47.82608695652174
95,Leelai Studio 30m2 Trung tâm Quận 1,https://www.airbnb.com.vn/rooms/1396886973804448786,Success,3.0,1.0,1.0,"10.7694,106.692",44.0,,4.0,5.0,Tommy Nguyen,,4.8,148.0,8 nam,https://www.airbnb.com.vn/users/show/138866712,40.0,41.935483870967744,25.0
96,Nhà 3T,https://www.airbnb.com.vn/rooms/32529894,Success,,1.0,,"10.78392,106.6795",23.0,,63.0,4.79,Tong,Chủ nhà siêu cấp,4.79,63.0,6 nam,https://www.airbnb.com.vn/users/show/22975149,36.66666666666666,100.0,35.869565217391305
97,Căn hộ Quận 3,https://www.airbnb.com.vn/rooms/1417475896941791128,Success,,1.0,,"10.7899,106.674",37.0,,1.0,,Thi,Chủ nhà siêu cấp,4.93,14.0,3 thang,https://www.airbnb.com.vn/users/show/598144420,6.666666666666667,0.0,0.0
98,Studio quyến rũ với ban công và bếp ở trung tâm D1,https://www.airbnb.com.vn/rooms/711630788527992745,Success,2.0,1.0,1.0,"10.7692,106.69718",39.0,Được khách yêu thích,169.0,4.95,Trân,Chủ nhà siêu cấp,4.91,1397.0,9 nam,https://www.airbnb.com.vn/users/show/75425187,56.66666666666666,51.61290322580645,52.17391304347826
99,(301) Bùi Viện mất 10 phút đi bộ/Ngôi nhà ấm cúng.,https://www.airbnb.com.vn/rooms/1393026604470853201,Success,2.0,1.0,1.0,"10.768893,106.6893396",22.0,Được khách yêu thích,6.0,4.83,Damda Homes,Chủ nhà siêu cấp,4.83,29.0,10 thang,https://www.airbnb.com.vn/users/show/550926213,43.333333333333336,0.0,0.0
100,3.2 Khai trương discount Studio centre D3,https://www.airbnb.com.vn/rooms/1378509234319015995,Success,2.0,1.0,1.0,"10.7734903,106.6803691",10.0,,,,Huỳnh Thị Ngọc,,5.0,1.0,2 thang,https://www.airbnb.com.vn/users/show/684552121,0.0,0.0,0.0
101,R4-Cozy-Modern-Netflix- GẦN phố Backpacker,https://www.airbnb.com.vn/rooms/39655845,Success,,1.0,,"10.7666,106.6845",30.0,,98.0,4.84,Divyansh,Chủ nhà siêu cấp,4.79,836.0,6 nam,https://www.airbnb.com.vn/users/show/92779913,100.0,100.0,98.91304347826086
102,A&VHome#4_The Sense of Living (No Elevator),https://www.airbnb.com.vn/rooms/1182356880050149545,Success,,1.0,,"10.78651,106.66898",45.0,Được khách yêu thích,31.0,4.94,Austin & Vanessa,Chủ nhà siêu cấp,4.95,1298.0,7 nam,https://www.airbnb.com.vn/users/show/126966244,10.0,0.0,0.0
103,Cozy & Ben Thanh Steps Away - Guava Home 109,https://www.airbnb.com.vn/rooms/1337017500785450827,Success,2.0,1.0,1.0,"10.7718993,106.6920392",23.0,Được khách yêu thích,15.0,5.0,Tran,Chủ nhà siêu cấp,5.0,18.0,4 thang,https://www.airbnb.com.vn/users/show/52196529,73.33333333333333,6.451612903225806,4.3478260869565215
104,Phòng riêng rộng rãi của Phòng thí nghiệm Thực vật học theo CHU KỲ,https://www.airbnb.com.vn/rooms/31872608,Success,,1.0,,"10.79194,106.68668",44.0,Được khách yêu thích,151.0,4.82,Circadian,Chủ nhà siêu cấp,4.88,7953.0,8 nam,https://www.airbnb.com.vn/users/show/122829979,73.33333333333333,0.0,4.3478260869565215
105,Studio dịch vụ trung tâm cho 3 người bên cạnh Công viên,https://www.airbnb.com.vn/rooms/1401477812789646910,Success,3.0,2.0,1.0,"10.7768,106.6914",48.0,Được khách yêu thích,5.0,5.0,Yung,Chủ nhà siêu cấp,4.86,1747.0,11 nam,https://www.airbnb.com.vn/users/show/17530851,56.66666666666666,16.129032258064516,5.434782608695652
106,Ban công bên ngoài nhà B 202,https://www.airbnb.com.vn/rooms/1184143584739839268,Success,2.0,1.0,1.0,"10.78278,106.68841",35.0,Được khách yêu thích,32.0,4.78,BHouse,Chủ nhà siêu cấp,4.91,280.0,11 thang,https://www.airbnb.com.vn/users/show/451421745,50.0,64.51612903225806,23.91304347826087
107,Room3A @ Kitsune. Một căn hộ BR hiện đại ở trung tâmigon,https://www.airbnb.com.vn/rooms/30267295,Success,,1.0,,"10.7906,106.6877",32.0,Được khách yêu thích,91.0,4.85,Hà,Chủ nhà siêu cấp,4.89,1015.0,7 nam,https://www.airbnb.com.vn/users/show/66846313,30.0,0.0,0.0
108,Phòng 6-Brand new Studio tại Quận 3 gần Quận 1,https://www.airbnb.com.vn/rooms/24489075,Success,2.0,1.0,1.0,"10.7672,106.679",44.0,Được khách yêu thích,171.0,4.98,Huy & Nhi,Chủ nhà siêu cấp,4.95,1024.0,7 nam,https://www.airbnb.com.vn/users/show/133184725,56.66666666666666,16.129032258064516,54.34782608695652
109,Studio 2 giường đơn ấm cúng hoàn toàn mới dành cho du khách ở Quận 1,https://www.airbnb.com.vn/rooms/640999752719166895,Success,2.0,1.0,1.0,"10.7717,106.6898",33.0,Được khách yêu thích,85.0,4.84,Ben,Chủ nhà siêu cấp,4.62,10000.0,14 nam,https://www.airbnb.com.vn/users/show/1443279,36.66666666666666,0.0,0.0
110,Studio 2 giường đáng yêu đi bộ đến chợ Bến Thành,https://www.airbnb.com.vn/rooms/641310434314292778,Success,2.0,1.0,1.0,"10.77291,106.69063",40.0,Được khách yêu thích,70.0,4.73,"Shell, Alice, Tee, Lyn And Aris",Chủ nhà siêu cấp,4.64,5467.0,9 nam,https://www.airbnb.com.vn/users/show/60005629,80.0,6.451612903225806,2.1739130434782608
111,"Quận 3 - Min space, max living - Giữa Sài Gòn -101",https://www.airbnb.com.vn/rooms/1164542193799270658,Success,,1.0,,"10.78652,106.694",34.0,,20.0,4.7,Hoang,Chủ nhà siêu cấp,4.76,240.0,2 nam,https://www.airbnb.com.vn/users/show/430972425,13.333333333333334,0.0,0.0
112,Le Boulevard Apt-Modern With Large Windown In D3,https://www.airbnb.com.vn/rooms/1232215500113714412,Success,2.0,1.0,1.0,"10.78094,106.6931",28.0,,5.0,4.8,"Shell, Alice, Tee, Lyn And Aris",Chủ nhà siêu cấp,4.64,5467.0,9 nam,https://www.airbnb.com.vn/users/show/60005629,43.333333333333336,12.903225806451612,4.3478260869565215
113,Căn hộ Quận Phú Nhuận,https://www.airbnb.com.vn/rooms/1366397508079632974,Success,,1.0,,"10.79201,106.67893",28.0,Được khách yêu thích,9.0,5.0,Thi,Chủ nhà siêu cấp,4.93,14.0,3 thang,https://www.airbnb.com.vn/users/show/598144420,13.333333333333334,0.0,0.0
114,Tổ ❆ ấm cúng Petit Nest ❆ ẩn mình trong ❤ Sài Gòn,https://www.airbnb.com.vn/rooms/38805266,Success,,1.0,,"10.7711,106.68694",30.0,,9.0,5.0,Cola,Bắt đầu đón tiếp khách từ năm 2020,,,,,30.0,0.0,0.0
115,301 Trung tâm thành phố Airy Cosy Netflix Phố đi bộ,https://www.airbnb.com.vn/rooms/1403369196155808255,Success,,1.0,,"10.7656,106.6911",40.0,,5.0,5.0,Divyansh,Chủ nhà siêu cấp,4.79,836.0,6 nam,https://www.airbnb.com.vn/users/show/92779913,10.0,0.0,0.0
116,HBT by Bloomin’: Nơi nghệ thuật gặp gỡ sự thoải mái hiện đại,https://www.airbnb.com.vn/rooms/1331892585465677724,Success,4.0,1.0,1.0,"10.7865408,106.6932889",35.0,Được khách yêu thích,13.0,5.0,Tuan,Chủ nhà siêu cấp,4.91,66.0,2 nam,https://www.airbnb.com.vn/users/show/94373999,96.66666666666669,22.58064516129032,9.782608695652174
117,ĐaKao Vibe: Retro Studio 1B in Center by Circadian,https://www.airbnb.com.vn/rooms/1318666254864328306,Success,2.0,1.0,1.0,"10.7891975,106.6975315",59.0,Được khách yêu thích,18.0,5.0,Circadian,Chủ nhà siêu cấp,4.88,7953.0,8 nam,https://www.airbnb.com.vn/users/show/122829979,53.333333333333336,0.0,0.0
118,[Thang máy] Quận Bến Thành.1 - Ban công bên cạnh - Netflix,https://www.airbnb.com.vn/rooms/1380949567332388812,Success,2.0,1.0,1.0,"10.7725183,106.6966592",32.0,Được khách yêu thích,24.0,5.0,Kevin,Chủ nhà siêu cấp,4.95,414.0,2 nam,https://www.airbnb.com.vn/users/show/176125481,56.66666666666666,22.58064516129032,7.608695652173914
119,Hà-Nội Studio gần đường Buivien | Em's Home 7,https://www.airbnb.com.vn/rooms/1414628367540483918,Success,2.0,1.0,1.0,"10.7668696,106.6901306",37.0,,1.0,,Thy,Chủ nhà siêu cấp,4.99,212.0,9 thang,https://www.airbnb.com.vn/users/show/473383571,33.33333333333333,0.0,0.0
120,Studio Máy Giặt Riêng Ngay Chợ Bến Thành,https://www.airbnb.com.vn/rooms/1362302088118019508,Success,,1.0,,"10.7726544,106.6958298",30.0,,,,Nhân,Chủ nhà siêu cấp,4.91,33.0,2 nam,https://www.airbnb.com.vn/users/show/367835631,70.0,51.61290322580645,34.78260869565217
121,Căn hộ boutique 1 giường @central,https://www.airbnb.com.vn/rooms/44059444,Success,2.0,1.0,1.0,"10.78589,106.69164",19.0,,108.0,4.87,Mua,,4.76,852.0,5 nam,https://www.airbnb.com.vn/users/show/353044010,20.0,0.0,0.0
122,Studio trung tâm gần Chợ Bến Thành bằng xe BUÝT,https://www.airbnb.com.vn/rooms/42105684,Success,2.0,1.0,1.0,"10.7712,106.69346",49.0,Được khách yêu thích,143.0,4.9,Circadian,Chủ nhà siêu cấp,4.88,7953.0,8 nam,https://www.airbnb.com.vn/users/show/122829979,36.66666666666666,0.0,0.0
123,Căn hộ studio có ban công,https://www.airbnb.com.vn/rooms/1348459788957319859,Success,2.0,1.0,1.0,"10.7765869,106.679453",35.0,,,,July,Chủ nhà siêu cấp,4.91,23.0,4 thang,https://www.airbnb.com.vn/users/show/671769135,30.0,0.0,0.0
124,"Trung tâm Võ Văn Tân D3 - Ẩm thực địa phương, thiên đường quán cà phê",https://www.airbnb.com.vn/rooms/1273522600115738933,Success,2.0,1.0,1.0,"10.7707199,106.683837",35.0,,25.0,4.84,Tranqo,Chủ nhà siêu cấp,4.86,112.0,9 thang,https://www.airbnb.com.vn/users/show/596183325,73.33333333333333,32.25806451612903,29.347826086956523
125,D3 Central Cozy Studio-30m2 &Kitchen #1,https://www.airbnb.com.vn/rooms/24067069,Success,2.0,1.0,1.0,"10.76787,106.68505",35.0,Được khách yêu thích,56.0,4.89,Ngoc Bich,,4.78,245.0,7 nam,https://www.airbnb.com.vn/users/show/151548975,73.33333333333333,100.0,100.0
126,Studio ấm cúng cho Trung tâm thành phố 4ppl Thành phố Hồ Chí Minh,https://www.airbnb.com.vn/rooms/1402233481642473356,Success,4.0,2.0,1.0,"10.7768,106.6914",49.0,,3.0,5.0,Yung,Chủ nhà siêu cấp,4.86,1747.0,11 nam,https://www.airbnb.com.vn/users/show/17530851,70.0,29.03225806451613,9.782608695652174
127,Room4A @ Kitsune.Saigon Central Wide Modern BR,https://www.airbnb.com.vn/rooms/30267427,Success,,1.0,,"10.79004,106.6866",43.0,Được khách yêu thích,128.0,4.88,Hà,Chủ nhà siêu cấp,4.89,1015.0,7 nam,https://www.airbnb.com.vn/users/show/66846313,100.0,61.29032258064516,20.65217391304348
128,B House Inner 301,https://www.airbnb.com.vn/rooms/1176536894600989538,Success,,1.0,,"10.7829,106.6878",34.0,Được khách yêu thích,36.0,4.89,BHouse,Chủ nhà siêu cấp,4.91,280.0,11 thang,https://www.airbnb.com.vn/users/show/451421745,43.333333333333336,0.0,3.260869565217391
129,Studio đáng yêu cho du khách ở trung tâm D1,https://www.airbnb.com.vn/rooms/1023623975306633446,Success,2.0,1.0,1.0,"10.77246,106.68909",33.0,Được khách yêu thích,49.0,4.84,Ben,Chủ nhà siêu cấp,4.62,10000.0,14 nam,https://www.airbnb.com.vn/users/show/1443279,66.66666666666666,12.903225806451612,4.3478260869565215
130,AustinHome#1_The Cozy Inn/Netflix,https://www.airbnb.com.vn/rooms/49766271,Success,,1.0,,"10.77083,106.68371",39.0,Được khách yêu thích,34.0,5.0,Austin & Vanessa,Chủ nhà siêu cấp,4.95,1298.0,7 nam,https://www.airbnb.com.vn/users/show/126966244,6.666666666666667,0.0,0.0
131,Căn hộ ban công chill yên tĩnh,https://www.airbnb.com.vn/rooms/1416594871632882137,Success,,1.0,,"10.7687,106.6828",32.0,,,,Hảo,,5.0,8.0,2 nam,https://www.airbnb.com.vn/users/show/499143070,6.666666666666667,0.0,0.0
132,Tahug house 022 (thang máy),https://www.airbnb.com.vn/rooms/1418060735031007186,Success,,1.0,,"10.7727,106.6963",11.0,,3.0,5.0,Tài,,4.68,254.0,1 nam,https://www.airbnb.com.vn/users/show/544961443,50.0,0.0,14.130434782608695
133,RetroMetro Suite 1A phía trên một quán cà phê của Circadian,https://www.airbnb.com.vn/rooms/1370773174843931972,Success,4.0,2.0,1.0,"10.7919627,106.6932929",56.0,Được khách yêu thích,7.0,5.0,Circadian,Chủ nhà siêu cấp,4.88,7953.0,8 nam,https://www.airbnb.com.vn/users/show/122829979,53.333333333333336,29.03225806451613,18.47826086956521
134,"Quận 3 - Min space, max living - Giữa Sài Gòn -301",https://www.airbnb.com.vn/rooms/1162134052177312851,Failed,,,,,,,,,,,,,,,,,
135,202 Trung tâm thành phố Airy Cosy Netflix Phố đi bộ,https://www.airbnb.com.vn/rooms/1403371397448001805,Success,,1.0,,"10.7656,106.6911",40.0,Được khách yêu thích,7.0,5.0,Divyansh,Chủ nhà siêu cấp,4.79,836.0,6 nam,https://www.airbnb.com.vn/users/show/92779913,16.666666666666664,0.0,0.0
136,Căn hộ 3✨ phòng ngủ4 lấp lánh và sang trọng @NTMK D3,https://www.airbnb.com.vn/rooms/15671318,Success,2.0,2.0,1.0,"10.7724,106.6879",49.0,Được khách yêu thích,94.0,4.86,Alex,Chủ nhà siêu cấp,4.85,1695.0,9 nam,https://www.airbnb.com.vn/users/show/66840763,86.66666666666667,19.35483870967742,71.73913043478261
137,"Chum Cozy Saigon Studio, D.3, Gần The Palace",https://www.airbnb.com.vn/rooms/1385345317898397061,Success,2.0,1.0,1.0,"10.7831,106.6976",34.0,,2.0,,Van Tram,Chủ nhà siêu cấp,4.54,554.0,12 nam,https://www.airbnb.com.vn/users/show/7601656,73.33333333333333,0.0,0.0
138,Studio phong cách ở Quận 1/Hướng nhìn ra thành phố/Máy giặt và máy sấy,https://www.airbnb.com.vn/rooms/1389564403336100053,Success,,1.0,,"10.7681,106.6925",39.0,Được khách yêu thích,12.0,4.92,Chloe,Chủ nhà siêu cấp,4.93,40.0,3 thang,https://www.airbnb.com.vn/users/show/343599729,20.0,19.35483870967742,6.521739130434782
139,[FREE PICK UP]Căn Hộ 1PN Bồn tắm Gần Bùi Viện,https://www.airbnb.com.vn/rooms/1407077464318709595,Success,3.0,1.0,1.0,"10.7673,106.6901",42.0,,5.0,5.0,Daisy,,4.74,1019.0,3 nam,https://www.airbnb.com.vn/users/show/474311025,13.333333333333334,0.0,0.0
140,Ngôi nhà hoàn toàn mới ở Quận 1 . Ấm cúng và hiện đại,https://www.airbnb.com.vn/rooms/1310844528304450472,Success,,2.0,,"10.79165,106.68812",36.0,,3.0,5.0,재호,Chủ nhà siêu cấp,4.96,28.0,5 thang,https://www.airbnb.com.vn/users/show/659200599,6.666666666666667,0.0,0.0
141,Nhà 3T,https://www.airbnb.com.vn/rooms/1422871300209382293,Success,,1.0,,"10.7828705,106.6761468",29.0,,,,Tong,Chủ nhà siêu cấp,4.79,63.0,6 nam,https://www.airbnb.com.vn/users/show/22975149,6.666666666666667,0.0,0.0
142,Indochine 35m2 Suite|Bến Thành|Ban công|5' Bùi Viện,https://www.airbnb.com.vn/rooms/1228278034452410672,Success,,1.0,,"10.7701,106.6899",24.0,,45.0,4.8,Hạnh,Chủ nhà siêu cấp,4.72,673.0,6 nam,https://www.airbnb.com.vn/users/show/235410945,43.333333333333336,0.0,0.0
143,Không gian cho người sáng tạo & làm việc từ xa,https://www.airbnb.com.vn/rooms/1203334198725922815,Success,,1.0,,"10.7832,106.6859",39.0,Được khách yêu thích,22.0,4.73,Tiến,Chủ nhà siêu cấp,4.71,24.0,7 thang,https://www.airbnb.com.vn/users/show/373488243,6.666666666666667,0.0,0.0
144,Căn hộ 3 người có ban công ở trung tâm thành phố Sài Gòn,https://www.airbnb.com.vn/rooms/1293041322014944896,Success,3.0,2.0,1.0,"10.7762,106.6914",43.0,Được khách yêu thích,23.0,4.91,Yung,Chủ nhà siêu cấp,4.86,1747.0,11 nam,https://www.airbnb.com.vn/users/show/17530851,63.33333333333333,12.903225806451612,7.608695652173914
145,"Phòng 101, Chip Homestay & Studio",https://www.airbnb.com.vn/rooms/1346412899796430287,Success,2.0,1.0,1.0,"10.7687438,106.6927659",37.0,Được khách yêu thích,10.0,4.9,Chip Homestay & Studio,Chủ nhà siêu cấp,4.81,84.0,4 thang,https://www.airbnb.com.vn/users/show/673691075,66.66666666666666,6.451612903225806,10.869565217391305
146,Căn hộ dịch vụ 1 phòng ngủ. Trung tâm thành phố Sài Gòn bên cạnh Công viên,https://www.airbnb.com.vn/rooms/1402935030339249536,Success,3.0,1.0,1.0,"10.7768,106.6914",48.0,,4.0,5.0,Yung,Chủ nhà siêu cấp,4.86,1747.0,11 nam,https://www.airbnb.com.vn/users/show/17530851,6.666666666666667,0.0,0.0
147,Studio rộng rãi mới (3) 50m2 tại Trung tâm thành phố,https://www.airbnb.com.vn/rooms/829143534314927191,Success,4.0,1.0,1.0,"10.78729,106.69246",39.0,Được khách yêu thích,51.0,4.88,Uyen,Chủ nhà siêu cấp,4.87,391.0,8 nam,https://www.airbnb.com.vn/users/show/102798571,26.666666666666668,9.677419355,3.260869565217391
148,Nhà tạo mẫu với 2 giường có thể đi bộ đến Chợ Bến Thành D1,https://www.airbnb.com.vn/rooms/640185614256363579,Success,2.0,1.0,1.0,"10.77067,106.68886",33.0,,80.0,4.56,Ben,Chủ nhà siêu cấp,4.62,10000.0,14 nam,https://www.airbnb.com.vn/users/show/1443279,70.0,0.0,0.0
149,"AustinHome#8_Lách/Bồn tắm lãng mạn,Ban công",https://www.airbnb.com.vn/rooms/48235895,Success,,1.0,,"10.76937,106.68326",47.0,Được khách yêu thích,132.0,4.98,Austin & Vanessa,Chủ nhà siêu cấp,4.95,1298.0,7 nam,https://www.airbnb.com.vn/users/show/126966244,56.66666666666666,3.225806451612903,8.695652173913043
150,Taibo House 011,https://www.airbnb.com.vn/rooms/1064229588525095854,Success,2.0,1.0,2.0,"10.7727,106.6962",14.0,,41.0,4.63,Tài,,4.68,254.0,1 nam,https://www.airbnb.com.vn/users/show/544961443,63.33333333333333,22.58064516129032,13.043478260869565
151,Căn hộ Le Boulevard-Charming 1BR dành cho du khách ở khu vực trung tâm,https://www.airbnb.com.vn/rooms/44005816,Success,2.0,1.0,1.0,"10.78113,106.69174",37.0,Được khách yêu thích,112.0,4.82,"Shell, Alice, Tee, Lyn And Aris",Chủ nhà siêu cấp,4.64,5467.0,9 nam,https://www.airbnb.com.vn/users/show/60005629,63.33333333333333,93.5483870967742,31.521739130434785
152,"1 phòng ngủ Ban công LargeStudio,Thang máy, 3 phút đến BT-Market",https://www.airbnb.com.vn/rooms/1312757633531424845,Success,2.0,1.0,1.0,"10.7737,106.6957",40.0,Được khách yêu thích,25.0,5.0,My Hanh,Chủ nhà siêu cấp,4.93,158.0,1 nam,https://www.airbnb.com.vn/users/show/543053839,53.333333333333336,32.25806451612903,16.304347826086957
153,"Chợ Bến Thành, WiFi nhanh nhất và Netflix trên TV 49”",https://www.airbnb.com.vn/rooms/1037222902860119358,Success,2.0,1.0,1.0,"10.7711,106.6927",33.0,Được khách yêu thích,112.0,4.86,Vy,Chủ nhà siêu cấp,4.86,112.0,2 nam,https://www.airbnb.com.vn/users/show/544377841,56.66666666666666,0.0,2.1739130434782608
154,Studio đẹp ở trung tâm D.1,https://www.airbnb.com.vn/rooms/947563216931610601,Success,,1.0,,"10.7715,106.6915",36.0,Được khách yêu thích,136.0,4.99,Trang,Chủ nhà siêu cấp,4.99,212.0,2 nam,https://www.airbnb.com.vn/users/show/77709572,90.0,64.51612903225806,39.130434782608695
155,Centra D3| Studio riêng ấm cúng 30 m2 &Nhà bếp số2,https://www.airbnb.com.vn/rooms/875023022195980665,Success,2.0,1.0,1.0,"10.7689,106.684",35.0,Được khách yêu thích,23.0,4.87,Ngoc Bich,,4.78,245.0,7 nam,https://www.airbnb.com.vn/users/show/151548975,80.0,100.0,100.0
156,Ngọc House 301,https://www.airbnb.com.vn/rooms/1301244136799481923,Success,,1.0,,"10.7712,106.6895",24.0,Được khách yêu thích,23.0,4.96,Ngoc,Chủ nhà siêu cấp,4.95,44.0,6 thang,https://www.airbnb.com.vn/users/show/664665850,6.666666666666667,0.0,0.0
157,Studio xanh với đầy đủ nội thất ở Trung tâm D1,https://www.airbnb.com.vn/rooms/1242546201519289886,Success,,1.0,,"10.7887,106.6966",45.0,,7.0,4.71,November House,Chủ nhà siêu cấp,4.75,36.0,11 thang,https://www.airbnb.com.vn/users/show/585992074,26.666666666666668,0.0,0.0
158,Chợ Bến Thành 100m - Ban công lớn - Netflix 90 inch,https://www.airbnb.com.vn/rooms/1097417188950284213,Success,2.0,1.0,1.0,"10.7733,106.6967",35.0,Được khách yêu thích,113.0,4.92,Kevin,Chủ nhà siêu cấp,4.95,414.0,2 nam,https://www.airbnb.com.vn/users/show/176125481,33.33333333333333,0.0,1.0869565217391304
159,Studio D1 - Quang cảnh tuyệt - Đi bộ mọi nơi,https://www.airbnb.com.vn/rooms/1226942658084036648,Success,2.0,1.0,1.0,"10.7724,106.6951",35.0,Được khách yêu thích,50.0,4.84,NU Apartment,Chủ nhà siêu cấp,4.82,768.0,1 nam,https://www.airbnb.com.vn/users/show/566526796,50.0,41.935483870967744,32.608695652173914
160,Studio 2 khách tuyệt vời đi bộ đến chợ Bến Thành,https://www.airbnb.com.vn/rooms/641020145807243120,Success,2.0,1.0,1.0,"10.7717,106.6898",39.0,,65.0,4.71,"Shell, Alice, Tee, Lyn And Aris",Chủ nhà siêu cấp,4.64,5467.0,9 nam,https://www.airbnb.com.vn/users/show/60005629,60.0,6.451612903225806,2.1739130434782608
161,"Quận 3, nhà HT.",https://www.airbnb.com.vn/rooms/1389025343954185926,Success,,1.0,,"10.7836878,106.6750037",23.0,,,,Agena,,4.44,59.0,2 nam,https://www.airbnb.com.vn/users/show/332817526,63.33333333333333,0.0,0.0
162,Central Studio Tuyệt vời và Tiện lợi bởi Circername,https://www.airbnb.com.vn/rooms/714116421901644746,Success,2.0,1.0,1.0,"10.77067,106.69404",51.0,Được khách yêu thích,101.0,4.86,Circadian,Chủ nhà siêu cấp,4.88,7953.0,8 nam,https://www.airbnb.com.vn/users/show/122829979,46.66666666666666,19.35483870967742,13.043478260869565
163,Hearth and Home Studio (5 phút đến chợ Bến Thành),https://www.airbnb.com.vn/rooms/1365247264766705528,Success,2.0,1.0,1.0,"10.7745313,106.6952307",28.0,Được khách yêu thích,10.0,5.0,Quang Nam,,5.0,10.0,3 thang,https://www.airbnb.com.vn/users/show/681157762,50.0,41.935483870967744,18.47826086956521
164,"Căn hộ bên cạnh chợ Bến Thành, Ban công lớn.",https://www.airbnb.com.vn/rooms/967160826112639454,Success,2.0,2.0,1.0,"10.7722,106.6935",35.0,Được khách yêu thích,86.0,4.81,Golden House,,4.74,811.0,2 nam,https://www.airbnb.com.vn/users/show/534097581,76.66666666666667,19.35483870967742,19.565217391304348
165,Studio phong cách tọa lạc tại D.1,https://www.airbnb.com.vn/rooms/1116940794742975144,Success,,1.0,,"10.7715,106.6915",33.0,Được khách yêu thích,76.0,4.97,Trang,Chủ nhà siêu cấp,4.99,212.0,2 nam,https://www.airbnb.com.vn/users/show/77709572,53.333333333333336,0.0,10.869565217391305
166,Một căn hộ theo phong cách Scandinavia độc đáo ở Sài Gòn,https://www.airbnb.com.vn/rooms/29029407,Success,2.0,1.0,1.0,"10.79062,106.68365",37.0,Được khách yêu thích,44.0,4.95,Vinh Phuc,Chủ nhà siêu cấp,4.86,372.0,9 nam,https://www.airbnb.com.vn/users/show/69755428,43.333333333333336,77.41935483870968,57.60869565217392
167,1br + Netflix + căn hộ trên sân thượng,https://www.airbnb.com.vn/rooms/44126231,Success,3.0,1.0,1.0,"10.78761,106.69201",20.0,,90.0,4.7,Mua,,4.76,852.0,5 nam,https://www.airbnb.com.vn/users/show/353044010,56.66666666666666,61.29032258064516,20.65217391304348
168,Căn hộ riêng Central D1 - The Story 04,https://www.airbnb.com.vn/rooms/1326047489618414566,Success,2.0,1.0,1.0,"10.7706,106.6925",21.0,Được khách yêu thích,12.0,5.0,Võ,Chủ nhà siêu cấp,4.81,491.0,2 nam,https://www.airbnb.com.vn/users/show/273053393,80.0,35.483870967741936,45.65217391304348
169,Studio 2 giường đáng yêu với Wi-Fi nhanh ở Quận 1,https://www.airbnb.com.vn/rooms/640886113586294261,Success,2.0,1.0,1.0,"10.7717,106.6898",33.0,Được khách yêu thích,160.0,4.78,Ben,Chủ nhà siêu cấp,4.62,10000.0,14 nam,https://www.airbnb.com.vn/users/show/1443279,76.66666666666667,16.129032258064516,10.869565217391305
170,Studio D1 - Rộng rãi - Chợ Bến Thành 200 m,https://www.airbnb.com.vn/rooms/1230988672186003860,Success,2.0,1.0,1.0,"10.7724,106.6951",40.0,,28.0,4.89,NU Apartment,Chủ nhà siêu cấp,4.82,768.0,1 nam,https://www.airbnb.com.vn/users/show/566526796,60.0,48.38709677419355,26.08695652173913
171,CHỢ BẾN THÀNH 50m - Ban công có tầm nhìn tuyệt vời - Netflix,https://www.airbnb.com.vn/rooms/1022205847460365424,Success,2.0,1.0,1.0,"10.7726,106.6962",36.0,Được khách yêu thích,145.0,4.98,Kevin,Chủ nhà siêu cấp,4.95,414.0,2 nam,https://www.airbnb.com.vn/users/show/176125481,40.0,0.0,11.956521739130435
172,BT by Bloomin’ - Căn HỘ ấm cúng bên cạnh chợ Bến Thành,https://www.airbnb.com.vn/rooms/1364275735465792176,Success,3.0,1.0,1.0,"10.7741696,106.6970734",24.0,Được khách yêu thích,11.0,5.0,Tuan,Chủ nhà siêu cấp,4.91,66.0,2 nam,https://www.airbnb.com.vn/users/show/94373999,30.0,0.0,0.0
173,402 Máy chiếu Phố đi bộ trung tâm Lightful Airy,https://www.airbnb.com.vn/rooms/1403315980842646574,Success,,1.0,,"10.7657,106.6912",40.0,,4.0,4.75,Divyansh,Chủ nhà siêu cấp,4.79,836.0,6 nam,https://www.airbnb.com.vn/users/show/92779913,20.0,0.0,0.0
174,Le Boulevard Apt-Modern 1BR With Fast Wi-Fi In D3,https://www.airbnb.com.vn/rooms/886629741159907263,Success,2.0,1.0,1.0,"10.7821,106.6926",34.0,Được khách yêu thích,25.0,4.76,"Shell, Alice, Tee, Lyn And Aris",Chủ nhà siêu cấp,4.64,5467.0,9 nam,https://www.airbnb.com.vn/users/show/60005629,36.66666666666666,0.0,0.0
175,Rộng rãi và ban công | 3 phút đến chợ Bến Thành,https://www.airbnb.com.vn/rooms/1136823159943702076,Success,5.0,,1.0,"10.7675,106.6961",28.0,Được khách yêu thích,58.0,4.84,Lucia,Chủ nhà siêu cấp,4.78,249.0,2 nam,https://www.airbnb.com.vn/users/show/505007982,16.666666666666664,9.677419355,3.260869565217391
176,Căn hộ dịch vụ 1 phòng ngủ. Trung tâm thành phố Sài Gòn bên cạnh Công viên,https://www.airbnb.com.vn/rooms/1403598950632085181,Success,2.0,1.0,1.0,"10.7768,106.6914",48.0,,1.0,,Yung,Chủ nhà siêu cấp,4.86,1747.0,11 nam,https://www.airbnb.com.vn/users/show/17530851,23.33333333333333,0.0,0.0
177,Suite ở Central D1 - 5 phút là là đến chợ Bến Thành,https://www.airbnb.com.vn/rooms/43417375,Success,2.0,1.0,1.0,"10.76937,106.69738",30.0,Được khách yêu thích,229.0,4.88,Trân,Chủ nhà siêu cấp,4.91,1397.0,9 nam,https://www.airbnb.com.vn/users/show/75425187,53.333333333333336,0.0,0.0
178,R1-Cozy-Privatekitchen -Netflix-backpacker street,https://www.airbnb.com.vn/rooms/39656031,Success,,1.0,,"10.7666,106.6845",39.0,,75.0,4.8,Divyansh,Chủ nhà siêu cấp,4.79,836.0,6 nam,https://www.airbnb.com.vn/users/show/92779913,93.33333333333331,80.64516129032258,51.08695652173913
179,Cảm giác như ở nhà tại trung tâm TP.HCM,https://www.airbnb.com.vn/rooms/16548293,Success,,1.0,,"10.7875,106.69238",27.0,Được khách yêu thích,95.0,4.85,Hong Yen,Chủ nhà siêu cấp,4.86,436.0,10 nam,https://www.airbnb.com.vn/users/show/24131073,73.33333333333333,35.483870967741936,11.956521739130435
180,"Quận 3 - Phòng ấm cúng, khu phố thân thiện - 1",https://www.airbnb.com.vn/rooms/937280711417956369,Success,2.0,1.0,1.0,"10.787,106.6853",23.0,,19.0,4.74,Nana,Chủ nhà siêu cấp,4.88,184.0,2 nam,https://www.airbnb.com.vn/users/show/537266508,60.0,83.87096774193549,28.26086956521739
181,Studio rộng rãi mới (2) 50m2 tại Trung tâm thành phố,https://www.airbnb.com.vn/rooms/828525159993929479,Success,4.0,1.0,1.0,"10.7879,106.6918",45.0,Được khách yêu thích,24.0,4.88,Uyen,Chủ nhà siêu cấp,4.87,391.0,8 nam,https://www.airbnb.com.vn/users/show/102798571,100.0,54.83870967741935,18.47826086956521
182,The Arrivals - Bảo tàng gần chiến tranh,https://www.airbnb.com.vn/rooms/1206923282516380016,Success,,1.0,,"10.77682,106.69082",44.0,,6.0,4.5,Nhung,,4.64,140.0,6 nam,https://www.airbnb.com.vn/users/show/299207096,6.666666666666667,0.0,0.0
183,M.P Q.3 (gần La Vela SG) #2.1#balcony#private W.C,https://www.airbnb.com.vn/rooms/851700861429111976,Success,,1.0,,"10.7862,106.684",26.0,,61.0,4.77,Phương,,4.76,348.0,3 nam,https://www.airbnb.com.vn/users/show/484463055,23.33333333333333,0.0,0.0
184,Broken Rice Quận 1 | Sống như người bản địa,https://www.airbnb.com.vn/rooms/42648878,Success,4.0,2.0,1.0,"10.76824,106.69674",28.0,,84.0,4.81,Ngoc,Chủ nhà siêu cấp,4.86,140.0,6 nam,https://www.airbnb.com.vn/users/show/288829801,56.66666666666666,0.0,3.260869565217391
185,#201 Phòng gần sân bay| Giặt ủi MIỄN PHÍ | Nhà vệ sinh chung,https://www.airbnb.com.vn/rooms/1066426418987278995,Success,,,,"10.79119,106.67146",26.0,Được khách yêu thích,76.0,4.95,Hai,Chủ nhà siêu cấp,4.93,398.0,1 nam,https://www.airbnb.com.vn/users/show/479055797,36.66666666666666,0.0,0.0
186,Studio tại Trung tâm - 5 phút đi bộ đến Bến Thành,https://www.airbnb.com.vn/rooms/584636308359563950,Success,2.0,1.0,1.0,"10.76668,106.69585",17.0,,43.0,4.63,Hang,,4.43,1331.0,6 nam,https://www.airbnb.com.vn/users/show/262562522,100.0,100.0,39.130434782608695
187,57P3F-SweetHeart ở Sài Gòn,https://www.airbnb.com.vn/rooms/1352051887819665757,Success,2.0,1.0,1.0,"10.7779282,106.6974091",38.0,Được khách yêu thích,12.0,5.0,Tran,Chủ nhà siêu cấp,4.89,244.0,2 nam,https://www.airbnb.com.vn/users/show/491739530,63.33333333333333,19.35483870967742,6.521739130434782
188,Phòng ấm cúng có giường King - Gần chợ Bến Thành,https://www.airbnb.com.vn/rooms/29694058,Success,2.0,1.0,1.0,"10.7702,106.6928",34.0,,154.0,4.47,Hậu,Chủ nhà siêu cấp,4.57,649.0,7 nam,https://www.airbnb.com.vn/users/show/223113097,6.666666666666667,0.0,0.0
189,"Phòng ấm cúng gần sân bay TSN, Quận 1",https://www.airbnb.com.vn/rooms/1205516387929766889,Success,,1.0,,"10.7914,106.6729",22.0,,42.0,4.76,Phước Hạnh,,4.83,64.0,2 nam,https://www.airbnb.com.vn/users/show/478776933,10.0,0.0,0.0
190,Studio hoàn toàn mới - có thể đi bộ đến chợ Bến Thành,https://www.airbnb.com.vn/rooms/997507441435020883,Success,2.0,2.0,1.0,"10.7725,106.68931",34.0,,127.0,4.72,Ben,Chủ nhà siêu cấp,4.62,10000.0,14 nam,https://www.airbnb.com.vn/users/show/1443279,66.66666666666666,67.74193548387096,31.521739130434785
191,Studio hoàn toàn mới - hiện đại có thể đi bộ đến Bến Thành D1,https://www.airbnb.com.vn/rooms/996792417005463887,Success,2.0,1.0,1.0,"10.77219,106.691",35.0,Được khách yêu thích,161.0,4.8,Ben,Chủ nhà siêu cấp,4.62,10000.0,14 nam,https://www.airbnb.com.vn/users/show/1443279,23.33333333333333,54.83870967741935,27.173913043478255
192,Studio rộng rãi mới (4) 50 m2 ở trung tâm thành phố trung tâm thành phố,https://www.airbnb.com.vn/rooms/828435214365409234,Success,4.0,1.0,1.0,"10.78907,106.69085",44.0,Được khách yêu thích,38.0,4.84,Uyen,Chủ nhà siêu cấp,4.87,391.0,8 nam,https://www.airbnb.com.vn/users/show/102798571,13.333333333333334,12.903225806451612,4.3478260869565215
193,Phòng riêng tại trung tâm quận 3,https://www.airbnb.com.vn/rooms/23983243,Success,,1.0,,"10.7872,106.6748",28.0,,95.0,4.83,Hao,,4.83,95.0,7 nam,https://www.airbnb.com.vn/users/show/28903071,100.0,19.35483870967742,6.521739130434782
194,Taibo House 012,https://www.airbnb.com.vn/rooms/1071370453780399924,Success,,1.0,,"10.77178,106.69747",20.0,,47.0,4.51,Tài,,4.68,254.0,1 nam,https://www.airbnb.com.vn/users/show/544961443,40.0,12.903225806451612,4.3478260869565215
195,I 'n' s,https://www.airbnb.com.vn/rooms/725553232638263383,Success,5.0,2.0,,"10.77064,106.69469",42.0,,134.0,4.6,Saigon Hideout,,4.71,4393.0,7 nam,https://www.airbnb.com.vn/users/show/132733770,6.666666666666667,0.0,0.0
196,Phòng trung tâm thương mại địa phương ở Quận 1,https://www.airbnb.com.vn/rooms/1402665986215866805,Success,,1.0,,"10.7894666,106.6889942",7.0,,2.0,,Nguyen Ngoc,,5.0,2.0,1 thang,https://www.airbnb.com.vn/users/show/686908986,6.666666666666667,0.0,0.0
197,TienanHome - Little Japan @ Benthanh,https://www.airbnb.com.vn/rooms/617174396321396339,Success,2.0,1.0,1.0,"10.7718,106.6965",20.0,,179.0,4.78,Khang,Chủ nhà siêu cấp,4.83,934.0,5 nam,https://www.airbnb.com.vn/users/show/332620975,30.0,96.77419355,98.91304347826086
198,Nice Studio gần Bến Thành Distric 1,https://www.airbnb.com.vn/rooms/643007443581736107,Success,2.0,1.0,1.0,"10.76677,106.69579",15.0,,44.0,4.55,Hang,,4.43,1331.0,6 nam,https://www.airbnb.com.vn/users/show/262562522,100.0,100.0,76.08695652173914
199,♛ NETFLIX ♛ MIỄN PHÍ thanh lịch 1br @central D3 ♛,https://www.airbnb.com.vn/rooms/44401639,Success,2.0,1.0,1.0,"10.78558,106.69234",21.0,,69.0,4.72,Mua,,4.76,852.0,5 nam,https://www.airbnb.com.vn/users/show/353044010,23.33333333333333,0.0,0.0
200,Hà-Nội Studio gần đường Buivien | Em's Home 7,https://www.airbnb.com.vn/rooms/1414628367540483918,Success,2.0,1.0,1.0,"10.7668696,106.6901306",37.0,,1.0,,Thy,Chủ nhà siêu cấp,4.99,212.0,9 thang,https://www.airbnb.com.vn/users/show/473383571,33.33333333333333,0.0,0.0
201,Căn hộ đáng yêu ban công lớn Netflix miễn phí và phòng dịch vụ,https://www.airbnb.com.vn/rooms/1421003946263006214,Failed,,,,,,,,,,,,,,,,,
202,402 Máy chiếu Phố đi bộ trung tâm Lightful Airy,https://www.airbnb.com.vn/rooms/1403315980842646574,Success,,1.0,,"10.7657,106.6912",40.0,,4.0,4.75,Divyansh,Chủ nhà siêu cấp,4.79,836.0,6 nam,https://www.airbnb.com.vn/users/show/92779913,20.0,0.0,0.0
203,Phòng 528Hz - 1 giường cho 2 người - Pinterest ngoài đời thực,https://www.airbnb.com.vn/rooms/1410866127730549407,Success,,1.0,,"10.7739921,106.6811034",32.0,,,,Archy,Chủ nhà siêu cấp,5.0,10.0,6 thang,https://www.airbnb.com.vn/users/show/396321387,23.33333333333333,0.0,1.0869565217391304
204,Black & White - Căn Phòng Đơn Giản Ấm Cúng Quận 3,https://www.airbnb.com.vn/rooms/846625131840890406,Success,,2.0,,"10.7867,106.6861",42.0,Được khách yêu thích,31.0,5.0,Trang,Chủ nhà siêu cấp,4.82,342.0,2 nam,https://www.airbnb.com.vn/users/show/505290025,13.333333333333334,12.903225806451612,4.3478260869565215
205,Xi-Măng Studio gần đường Buivien | Em's Home 2,https://www.airbnb.com.vn/rooms/1235381201807167628,Success,2.0,1.0,1.0,"10.7658,106.689",36.0,Được khách yêu thích,63.0,4.97,Thy,Chủ nhà siêu cấp,4.99,212.0,9 thang,https://www.airbnb.com.vn/users/show/473383571,30.0,32.25806451612903,16.304347826086957
206,Phòng sang trọng và ấm cúng trong D1/Máy giặt và máy sấy,https://www.airbnb.com.vn/rooms/1413740441162783613,Success,,1.0,,"10.76852,106.69202",39.0,Được khách yêu thích,6.0,5.0,Chloe,Chủ nhà siêu cấp,4.93,40.0,3 thang,https://www.airbnb.com.vn/users/show/343599729,20.0,0.0,0.0
207,Căn hộ nghỉ lễ - 2 phòng ngủ phong cách với ban công riêng ở Quận 3,https://www.airbnb.com.vn/rooms/1061307608965152060,Success,4.0,2.0,1.0,"10.7886481,106.6850508",37.0,Được khách yêu thích,10.0,5.0,"Helene, Dylan, Spring, Alex And",Chủ nhà siêu cấp,4.77,828.0,7 nam,https://www.airbnb.com.vn/users/show/177112381,56.66666666666666,3.225806451612903,2.1739130434782608
208,Một căn hộ theo phong cách Scandinavia độc đáo ở Sài Gòn,https://www.airbnb.com.vn/rooms/29029407,Success,2.0,1.0,1.0,"10.79062,106.68365",37.0,Được khách yêu thích,44.0,4.95,Vinh Phuc,Chủ nhà siêu cấp,4.86,372.0,9 nam,https://www.airbnb.com.vn/users/show/69755428,43.333333333333336,77.41935483870968,57.60869565217392
209,Căn hộ rộng rãi có bếp,https://www.airbnb.com.vn/rooms/1415236463108357716,Success,,1.0,,"10.772,106.6936",12.0,,,,Nguyen,,5.0,1.0,,https://www.airbnb.com.vn/users/show/693814081,100.0,12.903225806451612,4.3478260869565215
210,RetroMetro Suite 1B phía trên một quán cà phê của Circadian,https://www.airbnb.com.vn/rooms/1370773898956160356,Success,2.0,1.0,1.0,"10.7909319,106.6944788",55.0,Được khách yêu thích,6.0,5.0,Circadian,Chủ nhà siêu cấp,4.88,7953.0,8 nam,https://www.airbnb.com.vn/users/show/122829979,53.333333333333336,0.0,0.0
211,Phòng 285Hz - 1 giường cho 2 người - Pinterest ngoài đời thực,https://www.airbnb.com.vn/rooms/1414894309353850553,Success,,1.0,,"10.7726803,106.6809603",37.0,,1.0,,Archy,Chủ nhà siêu cấp,5.0,10.0,6 thang,https://www.airbnb.com.vn/users/show/396321387,46.66666666666666,9.677419355,10.869565217391305
212,Phòng 417Hz - 1 giường cho 2 người - Pinterest ngoài đời thực,https://www.airbnb.com.vn/rooms/1395839759050401736,Success,,1.0,,"10.774108,106.681931",33.0,,1.0,,Archy,Chủ nhà siêu cấp,5.0,10.0,6 thang,https://www.airbnb.com.vn/users/show/396321387,33.33333333333333,0.0,0.0
213,Đi bộ đến núi Central Studio đến Bến Thành bằng xe BUÝT,https://www.airbnb.com.vn/rooms/42237000,Success,2.0,1.0,1.0,"10.7708,106.69363",49.0,Được khách yêu thích,190.0,4.88,Circadian,Chủ nhà siêu cấp,4.88,7953.0,8 nam,https://www.airbnb.com.vn/users/show/122829979,33.33333333333333,0.0,2.1739130434782608
214,"H""Home: Căn hộ mới có ban công, thang máy quận 1",https://www.airbnb.com.vn/rooms/1414829799066184421,Success,,1.0,,"10.7656,106.6975",35.0,,1.0,,Hoàng,,4.94,17.0,11 thang,https://www.airbnb.com.vn/users/show/294823389,30.0,0.0,0.0
215,Studio D1 - Rộng rãi - 200m Bến Thành - Trung tâm thành phố,https://www.airbnb.com.vn/rooms/1273950984666004188,Success,2.0,1.0,1.0,"10.7724,106.6951",35.0,Được khách yêu thích,41.0,4.88,NU Apartment,Chủ nhà siêu cấp,4.82,768.0,1 nam,https://www.airbnb.com.vn/users/show/566526796,73.33333333333333,58.06451612903226,46.73913043478261
216,"Studio 1 phòng ngủ rộng rãi. Lối thoát riêng, kiểu dáng đẹp và ấm cúng",https://www.airbnb.com.vn/rooms/1310837483510630407,Success,,2.0,,"10.7893,106.68723",38.0,,3.0,5.0,재호,Chủ nhà siêu cấp,4.96,28.0,5 thang,https://www.airbnb.com.vn/users/show/659200599,6.666666666666667,0.0,0.0
217,The RetroMetro Suite 3A Ban công+Quán cà phê của Circadian,https://www.airbnb.com.vn/rooms/1370773603284937463,Success,2.0,1.0,1.0,"10.7914598,106.6945565",56.0,Được khách yêu thích,9.0,5.0,Circadian,Chủ nhà siêu cấp,4.88,7953.0,8 nam,https://www.airbnb.com.vn/users/show/122829979,26.666666666666668,29.03225806451613,9.782608695652174
218,Taibo House 022,https://www.airbnb.com.vn/rooms/1071386066783051630,Success,2.0,1.0,,"10.7728,106.6963",13.0,,53.0,4.7,Tài,,4.68,254.0,1 nam,https://www.airbnb.com.vn/users/show/544961443,83.33333333333334,16.129032258064516,5.434782608695652
219,Căn hộ ở trung tâm Quận 3,https://www.airbnb.com.vn/rooms/864376379819429118,Success,2.0,1.0,1.0,"10.7861,106.6925",48.0,,6.0,5.0,Tronibi,Chủ nhà siêu cấp,4.77,106.0,2 nam,https://www.airbnb.com.vn/users/show/507750176,36.66666666666666,0.0,0.0
220,"P""m""P. 18 : Đá cẩm thạch ẩn trên tầng thượng Glorious",https://www.airbnb.com.vn/rooms/927469887311755470,Success,2.0,1.0,1.0,"10.7657,106.6882",34.0,Được khách yêu thích,170.0,4.98,Anh,Chủ nhà siêu cấp,4.93,5368.0,8 nam,https://www.airbnb.com.vn/users/show/118444724,56.66666666666666,38.70967741935484,29.347826086956523
221,"Phòng 202, Chip Homestay & Studio",https://www.airbnb.com.vn/rooms/1346424186031697563,Success,2.0,1.0,1.0,"10.7708076,106.6911752",36.0,Được khách yêu thích,16.0,5.0,Chip Homestay & Studio,Chủ nhà siêu cấp,4.81,84.0,4 thang,https://www.airbnb.com.vn/users/show/673691075,16.666666666666664,45.16129032258064,40.21739130434783
222,#102 Phòng ấm cúng gần sân bay|Máy chiếu Netflix,https://www.airbnb.com.vn/rooms/1083144918082203623,Success,2.0,,1.0,"10.7923,106.6718",25.0,Được khách yêu thích,67.0,4.88,Hai,Chủ nhà siêu cấp,4.93,398.0,1 nam,https://www.airbnb.com.vn/users/show/479055797,6.666666666666667,0.0,0.0
223,Studio độc đáo cho du khách ngay trung tâm Quận 1,https://www.airbnb.com.vn/rooms/997480263159439789,Success,2.0,1.0,1.0,"10.77226,106.68962",33.0,Được khách yêu thích,88.0,4.82,Ben,Chủ nhà siêu cấp,4.62,10000.0,14 nam,https://www.airbnb.com.vn/users/show/1443279,40.0,74.19354838709677,27.173913043478255
224,"Studio ấm cúng 23m2 - cửa sổ lớn ở trung tâm thành phố, Quận 1",https://www.airbnb.com.vn/rooms/1286977587518729373,Success,6.0,1.0,1.0,"10.7694,106.6974",46.0,Được khách yêu thích,30.0,4.87,Long,Chủ nhà siêu cấp,4.83,469.0,6 nam,https://www.airbnb.com.vn/users/show/239554295,6.666666666666667,0.0,0.0
225,"Bright Boho Bliss Room w/ Patio|Bến Thành, Quận 1",https://www.airbnb.com.vn/rooms/1300007087581763530,Success,,1.0,,"10.7701,106.6899",7.0,Được khách yêu thích,27.0,4.78,Hạnh,Chủ nhà siêu cấp,4.72,673.0,6 nam,https://www.airbnb.com.vn/users/show/235410945,23.33333333333333,0.0,0.0
226,"AustinHome#7_Cảm giác như ở nhà/bồn tắm,Netflix",https://www.airbnb.com.vn/rooms/48631423,Success,,2.0,,"10.77117,106.68439",39.0,Được khách yêu thích,108.0,4.97,Austin & Vanessa,Chủ nhà siêu cấp,4.95,1298.0,7 nam,https://www.airbnb.com.vn/users/show/126966244,23.33333333333333,0.0,5.434782608695652
227,"Phòng đơn, giường cỡ queen, cửa sổ lớn",https://www.airbnb.com.vn/rooms/1417769339960017204,Success,,1.0,,"10.7673,106.6929",9.0,,,,Minh Tuấn,,4.95,40.0,1 nam,https://www.airbnb.com.vn/users/show/551377959,46.66666666666666,6.451612903225806,5.434782608695652
228,"1 phòng ngủ Ban công LargeStudio,Thang máy, 3 phút đến BT-Market",https://www.airbnb.com.vn/rooms/1312790161868586339,Success,2.0,1.0,1.0,"10.7736,106.6958",38.0,Được khách yêu thích,33.0,4.91,My Hanh,Chủ nhà siêu cấp,4.93,158.0,1 nam,https://www.airbnb.com.vn/users/show/543053839,16.666666666666664,0.0,5.434782608695652
229,Phòng tập thể dục miễn phí + Vệ sinh miễn phí gần Trung tâm &Sân bay TP HCM,https://www.airbnb.com.vn/rooms/1224975081515894480,Success,,1.0,,"10.79158,106.68079",45.0,Được khách yêu thích,19.0,4.84,Annie,Chủ nhà siêu cấp,4.92,96.0,7 nam,https://www.airbnb.com.vn/users/show/55333590,46.66666666666666,0.0,0.0
230,Studio 2 giường tối giản đi bộ đến chợ Bến Thành,https://www.airbnb.com.vn/rooms/641007446426632973,Success,2.0,1.0,1.0,"10.7717,106.6898",34.0,,66.0,4.64,"Shell, Alice, Tee, Lyn And Aris",Chủ nhà siêu cấp,4.64,5467.0,9 nam,https://www.airbnb.com.vn/users/show/60005629,60.0,0.0,0.0
231,401 Bitexco view Airy Cosy Netflix Walking street,https://www.airbnb.com.vn/rooms/1403337156208821030,Success,,1.0,,"10.7657,106.691",40.0,,9.0,4.67,Divyansh,Chủ nhà siêu cấp,4.79,836.0,6 nam,https://www.airbnb.com.vn/users/show/92779913,6.666666666666667,0.0,0.0
232,Studio tối giản cho 2 người ở trung tâm D1,https://www.airbnb.com.vn/rooms/996736233572871350,Success,2.0,1.0,1.0,"10.77191,106.68931",33.0,Được khách yêu thích,46.0,4.78,Ben,Chủ nhà siêu cấp,4.62,10000.0,14 nam,https://www.airbnb.com.vn/users/show/1443279,23.33333333333333,29.03225806451613,9.782608695652174
233,NU Studio D1 | Bếp ấm cúng | Đi bộ đến Bùi Viện,https://www.airbnb.com.vn/rooms/1325234359121560248,Success,2.0,1.0,1.0,"10.7662,106.6953",40.0,Được khách yêu thích,24.0,4.83,NU Apartment,Chủ nhà siêu cấp,4.82,768.0,1 nam,https://www.airbnb.com.vn/users/show/566526796,46.66666666666666,22.58064516129032,8.695652173913043
234,"P""m""P. 14 : Căn hộ Vintage Glam ở Central D1",https://www.airbnb.com.vn/rooms/925036031134372282,Success,2.0,1.0,1.0,"10.7657,106.6882",35.0,Được khách yêu thích,140.0,4.99,Anh,Chủ nhà siêu cấp,4.93,5368.0,8 nam,https://www.airbnb.com.vn/users/show/118444724,23.33333333333333,12.903225806451612,4.3478260869565215
235,"P""m""P. 17 : Fancy Urban studio ở trung tâm thành phố",https://www.airbnb.com.vn/rooms/926513425183420440,Success,2.0,1.0,1.0,"10.7657,106.6882",32.0,Được khách yêu thích,155.0,4.95,Anh,Chủ nhà siêu cấp,4.93,5368.0,8 nam,https://www.airbnb.com.vn/users/show/118444724,63.33333333333333,9.677419355,9.782608695652174
236,"Căn hộ tiện nghi trung tâm quận 3 , siêu giảm giá",https://www.airbnb.com.vn/rooms/1412644412095059766,Success,,1.0,,"10.78532,106.68494",35.0,,,,Ngân,,5.0,4.0,1 thang,https://www.airbnb.com.vn/users/show/107379884,13.333333333333334,96.77419355,32.608695652173914
237,Căn hộ lý tưởng trung tâm quận 3,https://www.airbnb.com.vn/rooms/1388978893959702741,Success,,1.0,,"10.7692342,106.6789837",32.0,,3.0,5.0,Việt,,5.0,3.0,1 nam,https://www.airbnb.com.vn/users/show/557524859,100.0,100.0,100.0
238,Quận 1: Căn hộ rộng rãi (Máy chiếu*Ban công),https://www.airbnb.com.vn/rooms/1305612985651559877,Success,2.0,1.0,1.0,"10.7655,106.6898",31.0,Được khách yêu thích,30.0,4.9,Amie De Saigon,Chủ nhà siêu cấp,4.89,94.0,7 thang,https://www.airbnb.com.vn/users/show/658160575,30.0,0.0,0.0
239,Jungle Boho Retreat độc đáo | Phòng tắm thoáng mát |Bến Thành,https://www.airbnb.com.vn/rooms/1236022890675662413,Success,,1.0,,"10.76984,106.69045",18.0,Được khách yêu thích,63.0,4.87,Hạnh,Chủ nhà siêu cấp,4.72,673.0,6 nam,https://www.airbnb.com.vn/users/show/235410945,33.33333333333333,6.451612903225806,3.260869565217391
240,"2 pho ̀ ng ngu ̉ - 3WC - Hoàng Sa, quận 3, bên kênh đào",https://www.airbnb.com.vn/rooms/1404422288070486764,Success,4.0,2.0,2.0,"10.7859,106.6818",29.0,Được khách yêu thích,5.0,5.0,Nana,Chủ nhà siêu cấp,4.88,184.0,2 nam,https://www.airbnb.com.vn/users/show/537266508,53.333333333333336,77.41935483870968,51.08695652173913
241,Phòng Boho ấm cúng rộng rãi/ 3' đến chợ Bến Thành,https://www.airbnb.com.vn/rooms/1355074316113655686,Success,,2.0,,"10.773,106.6962",25.0,Được khách yêu thích,10.0,4.9,Thanh Hy,,4.9,10.0,3 thang,https://www.airbnb.com.vn/users/show/678448417,36.66666666666666,16.129032258064516,7.608695652173914
242,Discount NT HOME Apartment Cao Cấp Tiện Nghi Q3,https://www.airbnb.com.vn/rooms/1302263185358907466,Success,,1.0,,"10.7902595,106.6856943",59.0,Được khách yêu thích,7.0,5.0,Nhật,Chủ nhà siêu cấp,5.0,9.0,5 thang,https://www.airbnb.com.vn/users/show/664888826,6.666666666666667,0.0,0.0
243,Căn hộ Quận 3,https://www.airbnb.com.vn/rooms/1417501476584074991,Success,,1.0,,"10.7899,106.674",36.0,,,,Thi,Chủ nhà siêu cấp,4.93,14.0,3 thang,https://www.airbnb.com.vn/users/show/598144420,16.666666666666664,0.0,0.0
244,Khu Vườn Trên Cao |Quận 3| Tự check in,https://www.airbnb.com.vn/rooms/850960705662935988,Success,,1.0,,"10.78752,106.68681",38.0,,36.0,4.75,Trang,Chủ nhà siêu cấp,4.82,342.0,2 nam,https://www.airbnb.com.vn/users/show/505290025,16.666666666666664,12.903225806451612,4.3478260869565215
245,Studio 2 giường không tì vết đi bộ đến chợ Bến Thành,https://www.airbnb.com.vn/rooms/641014764038628453,Success,2.0,1.0,1.0,"10.7717,106.6898",35.0,Được khách yêu thích,183.0,4.77,"Shell, Alice, Tee, Lyn And Aris",Chủ nhà siêu cấp,4.64,5467.0,9 nam,https://www.airbnb.com.vn/users/show/60005629,56.66666666666666,87.09677419354838,32.608695652173914
246,M.P Q.3 (gần La Vela SG) #3.1#balcony#private W.C,https://www.airbnb.com.vn/rooms/805494468419608279,Success,,1.0,,"10.7862,106.684",28.0,,109.0,4.76,Phương,,4.76,348.0,3 nam,https://www.airbnb.com.vn/users/show/484463055,40.0,0.0,0.0
247,"Trung tâm thành phố căn hộ siêu trung tâm, đường phố địa phương",https://www.airbnb.com.vn/rooms/1418789214283617561,Success,4.0,1.0,1.0,"10.77828,106.69278",11.0,,1.0,,Philip,,4.75,343.0,3 nam,https://www.airbnb.com.vn/users/show/474296978,6.666666666666667,0.0,0.0
248,Phòng Studio Ngay Chợ Bến Thành,https://www.airbnb.com.vn/rooms/927217967185353201,Success,,1.0,,"10.7735,106.6956",33.0,,4.0,5.0,Nhân,Chủ nhà siêu cấp,4.91,33.0,2 nam,https://www.airbnb.com.vn/users/show/367835631,46.66666666666666,6.451612903225806,33.69565217391305
249,Phòng gần Chợ Bến Thành,https://www.airbnb.com.vn/rooms/1412318766190744088,Success,,1.0,,"10.7707985,106.6893731",9.0,,,,Kiệt,,5.0,6.0,1 thang,https://www.airbnb.com.vn/users/show/692756096,6.666666666666667,0.0,0.0
250,"Phòng sạch sẽ, tiện lợi và ấm cúng số2 ở Quận 3",https://www.airbnb.com.vn/rooms/20920689,Success,2.0,1.0,1.0,"10.7792,106.6896",18.0,,117.0,4.88,Uyen,Chủ nhà siêu cấp,4.89,251.0,8 nam,https://www.airbnb.com.vn/users/show/141058235,30.0,41.935483870967744,14.130434782608695
251,Niềm vui gấp đôi ở trung tâm Sài Gòn,https://www.airbnb.com.vn/rooms/27353713,Success,,2.0,,"10.77214,106.68411",24.0,,8.0,4.88,Nhien,Chủ nhà siêu cấp,4.81,690.0,11 nam,https://www.airbnb.com.vn/users/show/8969793,100.0,3.225806451612903,1.0869565217391304
252,Chú ý! Kỳ nghỉ Sài Gòn đáng yêu của bạn - NT203,https://www.airbnb.com.vn/rooms/1257674903411783388,Success,2.0,1.0,1.0,"10.7697,106.6902",34.0,Được khách yêu thích,13.0,5.0,Nghiem,,4.51,4698.0,8 nam,https://www.airbnb.com.vn/users/show/49091460,6.666666666666667,6.451612903225806,3.260869565217391
253,Chú ý! Kỳ nghỉ Sài Gòn đáng yêu của bạn - NT203,https://www.airbnb.com.vn/rooms/1257674903411783388,Success,2.0,1.0,1.0,"10.7697,106.6902",34.0,Được khách yêu thích,13.0,5.0,Nghiem,,4.51,4698.0,8 nam,https://www.airbnb.com.vn/users/show/49091460,6.666666666666667,6.451612903225806,3.260869565217391
254,Vị trí hoàn hảo | Trung tâm thành phố,https://www.airbnb.com.vn/rooms/1356572261394617211,Success,2.0,1.0,1.0,"10.7906,106.6885",27.0,Được khách yêu thích,15.0,5.0,Marty Nguyen,Chủ nhà siêu cấp,4.97,32.0,3 thang,https://www.airbnb.com.vn/users/show/668542324,46.66666666666666,0.0,0.0
255,Phòng ấm cúng hiện đại ngay trung tâm quận 1,https://www.airbnb.com.vn/rooms/1188048155349315217,Success,,1.0,,"10.7886,106.6966",45.0,,18.0,4.83,November House,Chủ nhà siêu cấp,4.75,36.0,11 thang,https://www.airbnb.com.vn/users/show/585992074,6.666666666666667,0.0,0.0
256,Studio ngắm cảnh ở Bến Thành tầng 4,https://www.airbnb.com.vn/rooms/1174584908852339127,Success,,1.0,,"10.77208,106.69391",35.0,,45.0,4.8,Elise,Chủ nhà siêu cấp,4.82,190.0,7 nam,https://www.airbnb.com.vn/users/show/126773361,10.0,0.0,0.0
257,"FL3_Phòng ấm cúng đầy đủ nội thất tại Đakao, Quận 1",https://www.airbnb.com.vn/rooms/1364895229836425989,Success,,1.0,,"10.7886,106.6967",45.0,,,,November House,Chủ nhà siêu cấp,4.75,36.0,11 thang,https://www.airbnb.com.vn/users/show/585992074,16.666666666666664,0.0,0.0
258,2#D3 Căn hộ trung tâm 1 phòng ngủ và thang máy,https://www.airbnb.com.vn/rooms/1388812260574649710,Success,2.0,1.0,1.0,"10.7836,106.6961",37.0,Được khách yêu thích,5.0,5.0,Pham,,4.93,15.0,1 thang,https://www.airbnb.com.vn/users/show/211013962,56.66666666666666,0.0,0.0
259,"Studio 45 m2, ấm cúng và yên bình tại Bùi Viện | D1",https://www.airbnb.com.vn/rooms/714009285662936027,Success,2.0,1.0,1.0,"10.76608,106.69132",35.0,Được khách yêu thích,117.0,4.84,Tram,Chủ nhà siêu cấp,4.87,303.0,3 nam,https://www.airbnb.com.vn/users/show/476183374,66.66666666666666,12.903225806451612,4.3478260869565215
260,Căn hộ 35 m2 Quận 3,https://www.airbnb.com.vn/rooms/1256106799820060414,Success,2.0,1.0,1.0,"10.78553,106.6916",47.0,Được khách yêu thích,6.0,4.83,Tronibi,Chủ nhà siêu cấp,4.77,106.0,2 nam,https://www.airbnb.com.vn/users/show/507750176,40.0,0.0,0.0
261,"@S3 Kitchen & Laundry miễn phí, Center City, Cozy Apt",https://www.airbnb.com.vn/rooms/1405416475615308730,Success,3.0,1.0,1.0,"10.7721,106.6875",30.0,,,,CR Concept,Chủ nhà siêu cấp,4.97,89.0,2 nam,https://www.airbnb.com.vn/users/show/536880559,100.0,96.77419355,32.608695652173914
262,Hoàn toàn mới - Trung tâm 2 phòng ngủ Retreat cho du khách ở D3,https://www.airbnb.com.vn/rooms/716964443506682847,Success,4.0,2.0,2.0,"10.78919,106.68638",34.0,Được khách yêu thích,134.0,4.87,Ben,Chủ nhà siêu cấp,4.62,10000.0,14 nam,https://www.airbnb.com.vn/users/show/1443279,73.33333333333333,6.451612903225806,2.1739130434782608
263,Tranquil Room-btw airport&D1-Netflix-Free W/D,https://www.airbnb.com.vn/rooms/1396923500881175656,Success,,1.0,,"10.7914509,106.6754331",42.0,,5.0,4.8,Duhaus,,4.93,14.0,1 thang,https://www.airbnb.com.vn/users/show/688139621,10.0,0.0,0.0
264,Căn hộ studio riêng gần chợ Bến Thành - tầng 5,https://www.airbnb.com.vn/rooms/1135841987911977436,Success,2.0,1.0,1.0,"10.7712,106.6928",43.0,Được khách yêu thích,49.0,4.8,Elise,Chủ nhà siêu cấp,4.82,190.0,7 nam,https://www.airbnb.com.vn/users/show/126773361,36.66666666666666,0.0,0.0
265,Sài Gòn Studio gần đường Buivien | Em's Home 6,https://www.airbnb.com.vn/rooms/1414613317481978797,Success,2.0,1.0,1.0,"10.7668487,106.6879817",33.0,,1.0,,Thy,Chủ nhà siêu cấp,4.99,212.0,9 thang,https://www.airbnb.com.vn/users/show/473383571,13.333333333333334,0.0,0.0
266,CAMP Dakao | Sontag 's Studio (có phòng tắm riêng),https://www.airbnb.com.vn/rooms/25170552,Success,,1.0,,"10.78776,106.69754",33.0,Được khách yêu thích,78.0,4.94,Hoang Viet,Bắt đầu đón tiếp khách từ năm 2018,,,,,0.0,0.0,0.0
267,DT302_Căn hộ Dịch vụ đầy đủ tại Gần Bùi Viện/Bến Thành,https://www.airbnb.com.vn/rooms/706093310434693131,Success,2.0,1.0,1.0,"10.76652,106.69419",49.0,,80.0,4.69,Mr KIM,,4.66,1820.0,5 nam,https://www.airbnb.com.vn/users/show/337885136,36.66666666666666,12.903225806451612,7.608695652173914
268,Taibo House 013,https://www.airbnb.com.vn/rooms/1380330236055573392,Success,,1.0,,"10.7733877,106.6955866",8.0,,,,Tài,,4.68,254.0,1 nam,https://www.airbnb.com.vn/users/show/544961443,40.0,12.903225806451612,7.608695652173914
269,Căn hộ studio ở trung tâm,https://www.airbnb.com.vn/rooms/1414293085601662961,Success,,1.0,,"10.77234,106.6929517",12.0,,,,Nguyen,,5.0,1.0,,https://www.airbnb.com.vn/users/show/693814081,100.0,12.903225806451612,4.3478260869565215
270,Studio ẤM CÚNG ở trung tâm thành phố cho 3 người với WiFi nhanh,https://www.airbnb.com.vn/rooms/1292533149606671617,Success,3.0,2.0,1.0,"10.7761,106.6914",43.0,Được khách yêu thích,14.0,4.86,Yung,Chủ nhà siêu cấp,4.86,1747.0,11 nam,https://www.airbnb.com.vn/users/show/17530851,56.66666666666666,0.0,1.0869565217391304
